X0Y10,W_IO,0,10
frame0,0,32,11001011100010000000000000000011
frame1,1,32,00110000000000000000000000000000
frame2,2,32,00000000000000000000000000000000
frame3,3,32,00000001000000000000000000000000
frame4,4,32,00000000000000000000000000000000
frame5,5,32,00000000000000000000000000000000
frame6,6,32,00000000000000000000000000000000
frame7,7,32,00000000000000000000000000000000
frame8,8,32,00000000000000000000000000000000
frame9,9,32,00000000000000000000000000000000
frame10,10,32,00000000000000000000000000000000
frame11,11,32,00000000000000000000000000000000
frame12,12,32,00000000000000000000000000000000
frame13,13,32,00000000000000000000000000000000
frame14,14,32,00000000000000000000000000000000
frame15,15,32,00000000000000000000000000000000
frame16,16,32,00000000000000000000000000000000
frame17,17,32,00000000000000000000000000000000
frame18,18,32,00000000000000000000000000000000
frame19,19,32,00000000000000000000000000000000

X1Y10,LUT4AB,1,10
frame0,0,32,00000000000000001001000010000000
frame1,1,32,00000000100000000000000000100000
frame2,2,32,00000100000000000100000000000000
frame3,3,32,00000000011000000000000000000000
frame4,4,32,00000000000000000110000100000000
frame5,5,32,00000010000000000000000000000000
frame6,6,32,00000000000100000000000000000000
frame7,7,32,00000000000100000000000000000000
frame8,8,32,00000000000000010010000000000000
frame9,9,32,00000000001000000000000000000000
frame10,10,32,00000000000100001000000000000000
frame11,11,32,00000000000110001000000000000000
frame12,12,32,00000000000010100001000000000000
frame13,13,32,00000000000001110000000000000000
frame14,14,32,00000000011000000000000000000000
frame15,15,32,00000000000000000000000000000000
frame16,16,32,00000000000000000000000000000000
frame17,17,32,00000000000000000000000000000000
frame18,18,32,00000000000000000000000000000000
frame19,19,32,00000000000000000010000000000000

X2Y10,LUT4AB,2,10
frame0,0,32,00000000000000000000000000000000
frame1,1,32,00000000000000000000000010000000
frame2,2,32,00000100000000000000000000000000
frame3,3,32,00000000000000000000000000000000
frame4,4,32,00000000000000000000000100000000
frame5,5,32,00000010000000000000000000000000
frame6,6,32,00000000000000000000000100000000
frame7,7,32,00000000000000000000000000000000
frame8,8,32,00000000000000000000000000000000
frame9,9,32,00000000000000000000000000000000
frame10,10,32,00000000001000000000000000000000
frame11,11,32,00000000000000000000000000000000
frame12,12,32,00000000000000000000000000000000
frame13,13,32,00000000000000000000000000000000
frame14,14,32,00000000000000000000000000000000
frame15,15,32,00000000000000000000000000000000
frame16,16,32,00000000000000000000000000000000
frame17,17,32,00000000000000000000000000000000
frame18,18,32,00000000000000000000000000000000
frame19,19,32,00000000000000000000000001000000

X3Y10,LUT4AB,3,10
frame0,0,32,00000000000000000000000000000000
frame1,1,32,00000000000000000000000000000000
frame2,2,32,00000000000000000000000000000000
frame3,3,32,00000000000000000000000000000000
frame4,4,32,00000000000000000100000000000000
frame5,5,32,00000000000000000000000000000000
frame6,6,32,00000000000000000000000100000000
frame7,7,32,00000000000000000000000000000000
frame8,8,32,00000000000000000000000000000000
frame9,9,32,00000000000000000000000000000000
frame10,10,32,00000000001000000000000000000000
frame11,11,32,00000000000000000000000000000000
frame12,12,32,00000000000000000000000010000000
frame13,13,32,00000000000000000000000000000000
frame14,14,32,00000000000000000000000000000000
frame15,15,32,00000000000000000000000000000000
frame16,16,32,00000000000000000000000000000000
frame17,17,32,00000000000000000000000000000000
frame18,18,32,00000000000000000000000000000000
frame19,19,32,00000000000100000000010000000000

X4Y10,LUT4AB,4,10
frame0,0,32,00000000000000000000000000000000
frame1,1,32,00000000000000000000000000000000
frame2,2,32,00000000000000000000000000000000
frame3,3,32,00000000000000000000000000000000
frame4,4,32,00000000000000000000000000000000
frame5,5,32,00000000000000000000000000000000
frame6,6,32,00000000000000000000000000000000
frame7,7,32,00000000000000000000000000000000
frame8,8,32,00000000000000000000000000000000
frame9,9,32,00000000000000000000000000000000
frame10,10,32,00000000000000000000000000000000
frame11,11,32,00000000000000000000000000000000
frame12,12,32,00000000000000000000000010000000
frame13,13,32,00000000000000000000000000000000
frame14,14,32,00000010000000000000000000000000
frame15,15,32,00000000000000000000000000000000
frame16,16,32,00000000000000000000000000000000
frame17,17,32,00000000000000000000000000000000
frame18,18,32,00000000000000000000000000000000
frame19,19,32,00000000000000000000000000000000

X5Y10,LUT4AB,5,10
frame0,0,32,00000000000000000000000010000000
frame1,1,32,00000000000000000000000000000000
frame2,2,32,00000000000000000000000000000000
frame3,3,32,00000000000000000000000000000000
frame4,4,32,00000000000000000000000010000000
frame5,5,32,00000000000000000000000000000000
frame6,6,32,00000000000000000000000000000000
frame7,7,32,00000000000000000000000000000000
frame8,8,32,00000000000000000000000000000000
frame9,9,32,00000000000000000000000000000000
frame10,10,32,00000000000000000000000000000000
frame11,11,32,00000001000000000000000000000000
frame12,12,32,00000000000000000000000000000000
frame13,13,32,00000000000000000000000000000000
frame14,14,32,00000000000000000000000000000000
frame15,15,32,00000000000000000000000000000000
frame16,16,32,00000000000000000000000000000000
frame17,17,32,00000000000000000000000000000000
frame18,18,32,00000000000000000000000000000000
frame19,19,32,00000000000000000000001100000000

X6Y10,LUT4AB,6,10
frame0,0,32,00000000100000000110000000000000
frame1,1,32,00000010000000000000000000100000
frame2,2,32,00000001000000000000100000000000
frame3,3,32,00001000000000011010000000000000
frame4,4,32,00000000100000000010000000000000
frame5,5,32,00000000000000010000000000000000
frame6,6,32,00000000000000000000000000000000
frame7,7,32,01100000000000010000010000000000
frame8,8,32,00000000000000001000100010000000
frame9,9,32,00000000000000000000000000000000
frame10,10,32,00000000000000000000000000000000
frame11,11,32,00000000000000000000000000000000
frame12,12,32,00000000000000000000000000000000
frame13,13,32,00000000000000000000000000000000
frame14,14,32,00000000000000000000000000000000
frame15,15,32,00000000000000000000000000000000
frame16,16,32,00000000000000000000000000000000
frame17,17,32,00000000000000000000000000000000
frame18,18,32,00000000000000000000000000000000
frame19,19,32,00000000000000001000010000000000

X7Y10,LUT4AB,7,10
frame0,0,32,00000000000000010010000010000000
frame1,1,32,00000000000000000000000000000000
frame2,2,32,00000100010000010000000000010000
frame3,3,32,00000001000100000000000000010010
frame4,4,32,00000000000101110010000100000000
frame5,5,32,00101010000000000010000000010000
frame6,6,32,00000000000000001000000000000000
frame7,7,32,00000000000000110000100010000000
frame8,8,32,00001000000000001000000000000000
frame9,9,32,00001000001000000000000001000000
frame10,10,32,00000000000000000000000000110000
frame11,11,32,00000001000110000000101000000000
frame12,12,32,00001000000000000000000000010100
frame13,13,32,00010001001010000000000000000000
frame14,14,32,00010000000000000000000000000000
frame15,15,32,00000000000000000000000000000000
frame16,16,32,00000000000000000000000000000000
frame17,17,32,00000000000001000001000000000000
frame18,18,32,00000000000001101000000000000000
frame19,19,32,00000000000000000000000100000100

X8Y10,LUT4AB,8,10
frame0,0,32,00000000000000001110000000001000
frame1,1,32,00000010000001000000010100000000
frame2,2,32,00000001000001001000100000000000
frame3,3,32,01000000000000000000000010000000
frame4,4,32,00000000000000000000000000000000
frame5,5,32,10100010000000000000000000000000
frame6,6,32,00000000000000000000000001100000
frame7,7,32,00000010000010000000000000000000
frame8,8,32,01000001000000001000000000000000
frame9,9,32,10000010000000000000000000000000
frame10,10,32,00000000000000000000000000000000
frame11,11,32,00000000000000000000000000000000
frame12,12,32,00000000000000000000000000000000
frame13,13,32,00000000000000000000000000000000
frame14,14,32,00000000000000000000000000000000
frame15,15,32,00000000000000000000000000000000
frame16,16,32,00000000000000000000000000000000
frame17,17,32,00000000000000000000000000000000
frame18,18,32,00000000000000000000000000000000
frame19,19,32,00000000000110010000000000000000

X9Y10,LUT4AB,9,10
frame0,0,32,00000000000000000000000000000000
frame1,1,32,00000000000000000000001000100000
frame2,2,32,00000000000000000000000100000000
frame3,3,32,00000000000000000000000000000000
frame4,4,32,00100100000010000000000000000001
frame5,5,32,00000010000000010000000000000000
frame6,6,32,00000000000000000000000000000000
frame7,7,32,00000000000000000000000000000000
frame8,8,32,01000010000000000001000000000000
frame9,9,32,10000000000000000000000000000001
frame10,10,32,00000000000000000010000000001000
frame11,11,32,00000000000000000000000000000000
frame12,12,32,00000010000000000000000000000000
frame13,13,32,00000000000000000000100000000000
frame14,14,32,00001000000000001000000000000000
frame15,15,32,00001000000000000000000010000000
frame16,16,32,00000000000000000000000000000100
frame17,17,32,00000000000000000000000000001000
frame18,18,32,00000000000000000000000000010000
frame19,19,32,00000000000000000000010000000000

X10Y10,LUT4AB,10,10
frame0,0,32,00000000000000000000101110100010
frame1,1,32,00000011000000111000000110000000
frame2,2,32,00000000010000001010001000010000
frame3,3,32,00000000000000111000000000010000
frame4,4,32,00000000010011000000000000000000
frame5,5,32,10000000000000100010110000010000
frame6,6,32,00000100000001000101000010000000
frame7,7,32,00100000000000000000000010010000
frame8,8,32,00100100100000101001000001110100
frame9,9,32,10001000000000000000000000010000
frame10,10,32,10000000000000000010001000000000
frame11,11,32,00000000000000000000100100000101
frame12,12,32,00000000000100000000100010000000
frame13,13,32,10000010000100000000000001000100
frame14,14,32,01000000100000100100000000011100
frame15,15,32,01000000000100000101100100011100
frame16,16,32,00000000000000001000011101100000
frame17,17,32,00000000000000000000000000000000
frame18,18,32,00100000000000000000000000000000
frame19,19,32,00000000000001101001100110000100

X11Y10,AXIL_S_IO_E_0,11,10
frame0,0,32,00000000000100001000000001010000
frame1,1,32,11110000000000000000110001011010
frame2,2,32,10110000000000000000000000000000
frame3,3,32,00001010000000000000000000000000
frame4,4,32,00010110010000010100000100000000
frame5,5,32,00010100110000110000000110100000
frame6,6,32,00000000000000000000000000000000
frame7,7,32,00000000110010000010000000000000
frame8,8,32,00000000000000000000000000000000
frame9,9,32,00000000000000000000000000000000
frame10,10,32,00000000000000000000000000000000
frame11,11,32,00000000000000000000000000000000
frame12,12,32,00000000000000000000000000000000
frame13,13,32,00000000000000000000000000000000
frame14,14,32,00000000000000000000000000000000
frame15,15,32,00000000000000000000000000000000
frame16,16,32,00000000000000000000000000000000
frame17,17,32,00000000000000000000000000000000
frame18,18,32,00000000000000000000000000000000
frame19,19,32,00000000000000000000000000000000

X0Y9,W_IO,0,9
frame0,0,32,11000011101110000000000000000000
frame1,1,32,00000100000000000000000000000000
frame2,2,32,00000100000010100100000000001100
frame3,3,32,00101000000000000000000000000000
frame4,4,32,00000000000000000000000000000000
frame5,5,32,00000000000000000000000000000000
frame6,6,32,00000000000000000000000000000000
frame7,7,32,00000000000000000000000000000000
frame8,8,32,00000000000000000000000000000000
frame9,9,32,00000000000000000000000000000000
frame10,10,32,00000000000000000000000000000000
frame11,11,32,00000000000000000000000000000000
frame12,12,32,00000000000000000000000000000000
frame13,13,32,00000000000000000000000000000000
frame14,14,32,00000000000000000000000000000000
frame15,15,32,00000000000000000000000000000000
frame16,16,32,00000000000000000000000000000000
frame17,17,32,00000000000000000000000000000000
frame18,18,32,00000000000000000000000000000000
frame19,19,32,00000000000000000000000000000000

X1Y9,LUT4AB,1,9
frame0,0,32,00000000010000000000000010010000
frame1,1,32,00000001000001011000011100000000
frame2,2,32,00000001100000010101001100000000
frame3,3,32,00000000000101110101100001000010
frame4,4,32,00000000010000000101010000000101
frame5,5,32,10000000000101000010110000000000
frame6,6,32,00000000000001001100000010000101
frame7,7,32,00010000000100100001100100000100
frame8,8,32,01001100100000001010000000000000
frame9,9,32,10001000001101000100001110001001
frame10,10,32,00100000000000000000010000000101
frame11,11,32,00100000000100011000000101000000
frame12,12,32,10000100000000100001000001100100
frame13,13,32,00000000100000101100001110000000
frame14,14,32,00000000001110000000110001111000
frame15,15,32,01000001000000010011110010111000
frame16,16,32,00101000000100011110000011100000
frame17,17,32,00010110001101000111101000000010
frame18,18,32,00100110000000100100010011100000
frame19,19,32,00000011110000101000011100001000

X2Y9,LUT4AB,2,9
frame0,0,32,00000000000000000010000001000000
frame1,1,32,00010000011100000000000000100000
frame2,2,32,00000001000100000100001100110000
frame3,3,32,01000000000101000000100000000000
frame4,4,32,00000000000010000000000000001000
frame5,5,32,00000000000000001010000000000000
frame6,6,32,00000000000000010000100000000000
frame7,7,32,01100000000100001000011010000000
frame8,8,32,00000000000000010001000010110000
frame9,9,32,00001000001010000000000000000000
frame10,10,32,00110000000100001010000000000000
frame11,11,32,00000001000110001100000000000000
frame12,12,32,00000110000010100001010001000000
frame13,13,32,00010010000001110000000011000000
frame14,14,32,00010000011000000010000000000000
frame15,15,32,00001000000000000000000110000000
frame16,16,32,00000000000010010010000000000000
frame17,17,32,00000000001111000110000000000000
frame18,18,32,00000110000000000111011010010000
frame19,19,32,00000000000000001000000000000000

X3Y9,LUT4AB,3,9
frame0,0,32,00000000000000101000000100000000
frame1,1,32,11000000000000000000000000000000
frame2,2,32,00010000000000000100000110000000
frame3,3,32,00000000010000000010100100000000
frame4,4,32,00000000000000000000000110010000
frame5,5,32,00000010000010000000000000000000
frame6,6,32,00000000000000000000100000000000
frame7,7,32,00000000000000000000000000001000
frame8,8,32,01000010000000000010100010000000
frame9,9,32,00000100000101000000000000000000
frame10,10,32,00000000000000000000000011000000
frame11,11,32,00000000000000000000000000000000
frame12,12,32,00000000000000000000000001000000
frame13,13,32,00000000000000000000000010000100
frame14,14,32,00000000000001000000000000001000
frame15,15,32,00000001000111000000000000000000
frame16,16,32,00100001110000000000000000000000
frame17,17,32,00110000100000000000000000000000
frame18,18,32,00000000000000000000000000000000
frame19,19,32,00000000000000000010000000000000

X4Y9,LUT4AB,4,9
frame0,0,32,00000000000000000110000000000000
frame1,1,32,00000010010100000000000000000000
frame2,2,32,00000000000000011000000000000000
frame3,3,32,00000000000100000010000000000000
frame4,4,32,00000000000000000000000010000000
frame5,5,32,00000000000000001000000000010000
frame6,6,32,00000000000000000000100100000000
frame7,7,32,01100000000000000000010000000000
frame8,8,32,00000000000000000000100010000000
frame9,9,32,00000000000000000000000000000000
frame10,10,32,00000000000000000000000000000000
frame11,11,32,00000001000000000000000000000000
frame12,12,32,00000000000000000000000000000000
frame13,13,32,00000000000000000000000000000000
frame14,14,32,00000000000000000000000000000000
frame15,15,32,00000000000000000000000000000000
frame16,16,32,00000000000000000000000000000000
frame17,17,32,00000000000000000000000000000000
frame18,18,32,00000000000000000000000000000000
frame19,19,32,00000000000000000000010000000000

X5Y9,LUT4AB,5,9
frame0,0,32,00000000000100100000000000000010
frame1,1,32,00110000000100000000010000100000
frame2,2,32,10010001000000000100000100000000
frame3,3,32,00000010000000000000000000010000
frame4,4,32,00000100000000000000000000000100
frame5,5,32,00000010000000100000000000000000
frame6,6,32,00000000000000001000000000000000
frame7,7,32,00000100000100010000100000001010
frame8,8,32,01000000000000011000000000000100
frame9,9,32,10000000001000000000010001110000
frame10,10,32,00000000000000001000000000101100
frame11,11,32,00000000000100001000000000100000
frame12,12,32,00000000000000000001010000000000
frame13,13,32,00000001000000010001000000000000
frame14,14,32,00000000000000110000000000000000
frame15,15,32,00000000000000000100100100000010
frame16,16,32,00000000000011100010011110000000
frame17,17,32,00000000000000011001110000000000
frame18,18,32,00000000000001000110000000000000
frame19,19,32,00000000001000001000000000000000

X6Y9,LUT4AB,6,9
frame0,0,32,00000000000000001001000100000000
frame1,1,32,00000000000100100000011100000000
frame2,2,32,00000001001101001010010010100000
frame3,3,32,00000011000000101000110111100000
frame4,4,32,10001110010001000010110100001000
frame5,5,32,10000010001100000000000000010000
frame6,6,32,11000000001000001101101110000001
frame7,7,32,01110000000010000011110011100011
frame8,8,32,01110010000000011000000000000010
frame9,9,32,10000000000100000000001011001100
frame10,10,32,10000000000111100100110010001000
frame11,11,32,00000001000111100001000000001101
frame12,12,32,00000000000000011100000011001000
frame13,13,32,00000000000000010000000011000111
frame14,14,32,00000000010011110010000110000100
frame15,15,32,00000000000111111000000000001001
frame16,16,32,00110001011101101000000000000000
frame17,17,32,00100100111100010000000000000000
frame18,18,32,00010101110000000000000000000000
frame19,19,32,00000000000001100100000000000000

X7Y9,LUT4AB,7,9
frame0,0,32,00000000000000001000100000000000
frame1,1,32,00000000100000000000011000000000
frame2,2,32,00000001001101000100000010100000
frame3,3,32,00000000000010000000010110000000
frame4,4,32,00000100000000000000010110011000
frame5,5,32,00100000000010110000000000000000
frame6,6,32,00001001000001001010000110000000
frame7,7,32,00000100000110010011111000001010
frame8,8,32,01000000000000001000001010110000
frame9,9,32,10000000000100100000001011100001
frame10,10,32,00000000000000000011000111110000
frame11,11,32,00000001000000000100000110000000
frame12,12,32,00001110000000100000001001000010
frame13,13,32,00010000000010010001000011000101
frame14,14,32,00000010010010100010100010000010
frame15,15,32,00101001000000010001110000000000
frame16,16,32,00100000010000000101011111100000
frame17,17,32,00110000010100000000110000000000
frame18,18,32,00101010100000000000111001110000
frame19,19,32,00000000000010010101110000100000

X8Y9,LUT4AB,8,9
frame0,0,32,00000000000000001000001010000000
frame1,1,32,00000001010100010000000000100000
frame2,2,32,00000001010000101010000000110000
frame3,3,32,00001000000010000100000000010010
frame4,4,32,00100000100011000110001100001100
frame5,5,32,10100000000001100000001100100001
frame6,6,32,00100001000101010001000010000000
frame7,7,32,00010000110100101000100100000000
frame8,8,32,00001110000000001001000000000000
frame9,9,32,00000000001110000000000000000100
frame10,10,32,00110000000000000010100000110100
frame11,11,32,11000000100100001100100010000000
frame12,12,32,00000110000000000000000000000000
frame13,13,32,00001000001000100001000001000000
frame14,14,32,00000001001000100110110000000100
frame15,15,32,00101000000000000010110010010000
frame16,16,32,01100000010000101000000000010000
frame17,17,32,00110000000001001001000000000010
frame18,18,32,00000000000000101001010001100000
frame19,19,32,00000000000000000000110100000000

X9Y9,LUT4AB,9,9
frame0,0,32,00000000000000011001101010010000
frame1,1,32,00000000010101110001111000000000
frame2,2,32,00000001000001011000000000010000
frame3,3,32,00000000000100011100100010000000
frame4,4,32,00000000000000010000000010000000
frame5,5,32,10000001000000111001000000000000
frame6,6,32,00000000110000000000100100000000
frame7,7,32,00000000000010000010100010000111
frame8,8,32,01000010000010000000000010000000
frame9,9,32,10000000000000000000011000100001
frame10,10,32,00000000000000000000000000001100
frame11,11,32,00000000100000000000000000100000
frame12,12,32,00000000000000100000000000000000
frame13,13,32,00000000001001110000000000000000
frame14,14,32,00000001011000000000110000000000
frame15,15,32,00000000000000000000100000000000
frame16,16,32,00000000000000000000000001110000
frame17,17,32,00000000000000000000000000000000
frame18,18,32,00000000000000000000000000000000
frame19,19,32,00000000000110110111100000000000

X10Y9,LUT4AB,10,9
frame0,0,32,00000000111010011001001100010000
frame1,1,32,00110011000001110110010000000000
frame2,2,32,00000000000101100100000000100000
frame3,3,32,00000000010001110100001011100000
frame4,4,32,01001000001000100000011010001000
frame5,5,32,10000010000001010101000010000100
frame6,6,32,00000000001100010101000110000100
frame7,7,32,00001001111000000001110010000000
frame8,8,32,00000100100000001000100010000100
frame9,9,32,00100000000100011100001100010000
frame10,10,32,00000000000000000000000000000101
frame11,11,32,00000000100000000100000000001100
frame12,12,32,00000000100000000000000001000000
frame13,13,32,00000001000000000100000010000001
frame14,14,32,00100001000000000000000000000000
frame15,15,32,00010000000100000010000000000000
frame16,16,32,00100001010000001000000000000000
frame17,17,32,00000000000000000011000000000000
frame18,18,32,00000000000000111000000000000000
frame19,19,32,00000011110010100110000000000000

X11Y9,AXIL_S_IO_E_1,11,9
frame0,0,32,00000000100100000010001111000010
frame1,1,32,00110000000000000000000000110000
frame2,2,32,00001111110011110000000000000000
frame3,3,32,00001000000100010000000100000100
frame4,4,32,10000100110000000101000001000000
frame5,5,32,00100000001000000000000000000000
frame6,6,32,00000100100000000000000000000000
frame7,7,32,00110000000010011000000100000000
frame8,8,32,00000000000000000000000000000000
frame9,9,32,00000000000000000000000000000000
frame10,10,32,00000000000000000000000000000000
frame11,11,32,00000000000000000000000000000000
frame12,12,32,00000000000000000000000000000000
frame13,13,32,00000000000000000000000000000000
frame14,14,32,00000000000000000000000000000000
frame15,15,32,00000000000000000000000000000000
frame16,16,32,00000000000000000000000000000000
frame17,17,32,00000000000000000000000000000000
frame18,18,32,00000000000000000000000000000000
frame19,19,32,00000000000000000000000000000000

X0Y8,W_IO,0,8
frame0,0,32,11001101101110000000000000000001
frame1,1,32,00000000000000000000000000000000
frame2,2,32,00000000000000000001000000000010
frame3,3,32,00110000000000000000000000000000
frame4,4,32,00000000000000000000000000000000
frame5,5,32,00000000000000000000000000000000
frame6,6,32,00000000000000000000000000000000
frame7,7,32,00000000000000000000000000000000
frame8,8,32,00000000000000000000000000000000
frame9,9,32,00000000000000000000000000000000
frame10,10,32,00000000000000000000000000000000
frame11,11,32,00000000000000000000000000000000
frame12,12,32,00000000000000000000000000000000
frame13,13,32,00000000000000000000000000000000
frame14,14,32,00000000000000000000000000000000
frame15,15,32,00000000000000000000000000000000
frame16,16,32,00000000000000000000000000000000
frame17,17,32,00000000000000000000000000000000
frame18,18,32,00000000000000000000000000000000
frame19,19,32,00000000000000000000000000000000

X1Y8,LUT4AB,1,8
frame0,0,32,00000000010000001000000000001000
frame1,1,32,00000000000000001100000000000100
frame2,2,32,00000000000110000000000000000000
frame3,3,32,00000011101000011000000000000000
frame4,4,32,00000000000000000000000100000000
frame5,5,32,10000010000100010000000010100001
frame6,6,32,00000000000000000100000000000000
frame7,7,32,10010000000001000000101000000001
frame8,8,32,10000100000000011111001000000010
frame9,9,32,00000000000001100100000000000000
frame10,10,32,00100000000010100010000000000011
frame11,11,32,00000000000010001100000100000010
frame12,12,32,00000000000011110111110000000000
frame13,13,32,00000001000000111011000001000000
frame14,14,32,01000011000010000010000001001000
frame15,15,32,01001000111010101101001000000110
frame16,16,32,00100111000110111100001011001000
frame17,17,32,00100010111001010011100100000000
frame18,18,32,00001101001000010010000000000000
frame19,19,32,00000000100001000000000000001000

X2Y8,LUT4AB,2,8
frame0,0,32,00000001000000000000000110000000
frame1,1,32,00000000000001000100000100000000
frame2,2,32,00000000011100001000010000110000
frame3,3,32,00000010000001010100000000010000
frame4,4,32,00000000010000000000010010001000
frame5,5,32,00000000000100011000000000000001
frame6,6,32,00001100000000001100001000000000
frame7,7,32,00100000000001001010010100000100
frame8,8,32,10000000100000010100011000000000
frame9,9,32,00000000000100000000000011000000
frame10,10,32,00110000000010100010000000000001
frame11,11,32,00000000100010001000000000000010
frame12,12,32,00000010000011110111110000000000
frame13,13,32,00000000001000111011011000000000
frame14,14,32,01000000000010000000000000001000
frame15,15,32,00001000111010101101001000000110
frame16,16,32,00100111000110111100001011001000
frame17,17,32,00100010111001010011100100000000
frame18,18,32,00001101001000010010000000000000
frame19,19,32,00000000000100000000001100000000

X3Y8,LUT4AB,3,8
frame0,0,32,00000000000100010000001000000000
frame1,1,32,00000011101110100000000110100000
frame2,2,32,00000000100001100011100000010000
frame3,3,32,00000010000000000110100000010010
frame4,4,32,10000000000110111010000000001101
frame5,5,32,00000000000000100000000000000001
frame6,6,32,10000000000000111000000100000000
frame7,7,32,00000001000100110100000000001010
frame8,8,32,00100100000000000001001000100000
frame9,9,32,01000100000000001000000111100000
frame10,10,32,10010000000100000111001000100010
frame11,11,32,11100000000000110000000001000010
frame12,12,32,00001010000000010000111001000100
frame13,13,32,00010010000010011000000011001001
frame14,14,32,00001010010000001000110000110010
frame15,15,32,00101100000001000010000110000000
frame16,16,32,00010000000010010011000010010100
frame17,17,32,00100001100110000111001000001010
frame18,18,32,00100110010000100110000000010000
frame19,19,32,00000001100000001000000111000000

X4Y8,LUT4AB,4,8
frame0,0,32,00000000100000000000110000010001
frame1,1,32,00000011001111001000000000100100
frame2,2,32,00000000000000000011001000000000
frame3,3,32,00000001001000110001100000010000
frame4,4,32,01000000011000000010000000000000
frame5,5,32,10000000000101000000100000000000
frame6,6,32,01000000000001100100000000000000
frame7,7,32,00001001000010000010000100000011
frame8,8,32,00011110000000001000001010110000
frame9,9,32,00100100001001011001111111000100
frame10,10,32,00100000000010010000100111001100
frame11,11,32,11000000000000001001000100000000
frame12,12,32,01010000000000000100100010000010
frame13,13,32,00001110100000100000000000000011
frame14,14,32,00100001001011001000110000000000
frame15,15,32,00101000000110101001110001000100
frame16,16,32,01100001110000011100011110100100
frame17,17,32,00110000100001000100110000010000
frame18,18,32,00000000000000100000000000000000
frame19,19,32,00000000000001100110010000000000

X5Y8,LUT4AB,5,8
frame0,0,32,00000000000000100001101100000000
frame1,1,32,00000000000001010100001000000000
frame2,2,32,00000000111100101100000000110000
frame3,3,32,00000010000000000000001001110000
frame4,4,32,11000000011000001010001010001000
frame5,5,32,10000000000111000011000000010001
frame6,6,32,10011000000000010101000100000000
frame7,7,32,00010001000011101010000010001000
frame8,8,32,00000000000000010100011110000010
frame9,9,32,10000000000110001001000011001100
frame10,10,32,00110100001010100000000000000110
frame11,11,32,00000010000010001010000001000000
frame12,12,32,00000000000011110111110001000000
frame13,13,32,00000001000000111011011000000000
frame14,14,32,01000000000010000000000010001000
frame15,15,32,00000000111010101101001000010001
frame16,16,32,00100111000110111100001011001000
frame17,17,32,00100010111001010011100100000000
frame18,18,32,00001101001000010010000000000000
frame19,19,32,00000000000001100011100000110000

X6Y8,LUT4AB,6,8
frame0,0,32,00000000000000010000111101001010
frame1,1,32,00000001110110001001000000101000
frame2,2,32,00000001111101101011100100110000
frame3,3,32,00001001100010010110000000010010
frame4,4,32,00001000100001101011010000011100
frame5,5,32,10000000000000000010000100000000
frame6,6,32,00000000000000011101100010010000
frame7,7,32,11110000100000000111100000001001
frame8,8,32,11000100000000000000001100000000
frame9,9,32,10011100000000001000010011001000
frame10,10,32,00100000000101000100111100111000
frame11,11,32,11000000000110010110100010101100
frame12,12,32,00000000000000000000000011001000
frame13,13,32,00001000000010001100000011100111
frame14,14,32,00001000010100000010010010011100
frame15,15,32,00000100000001100100100010110000
frame16,16,32,00011000100000000011000001110000
frame17,17,32,00000001000000001110001000001000
frame18,18,32,00101110010000101000000001110000
frame19,19,32,00000010000110001001010000001100

X7Y8,LUT4AB,7,8
frame0,0,32,00000000000000011000101011000010
frame1,1,32,00000011110100001010110010001000
frame2,2,32,00000000011000101000001000100000
frame3,3,32,00000010000010000100000000000000
frame4,4,32,00000010010000011010100001001101
frame5,5,32,10000100001100010100000000001001
frame6,6,32,01001000000011111000011100000000
frame7,7,32,00110000000001010000100000001001
frame8,8,32,01010000000000010110011000000000
frame9,9,32,10000000001000110001100100000100
frame10,10,32,00010000000111111011001000000000
frame11,11,32,11000000000001111010000010000101
frame12,12,32,01010000000000011101000100010010
frame13,13,32,00001000100000101100000001100100
frame14,14,32,01011000001000000110100000111010
frame15,15,32,01000100000111010010000010010010
frame16,16,32,01100000011100001000000001110100
frame17,17,32,00110000110000000001000100000000
frame18,18,32,00111110000001111000000001110000
frame19,19,32,00000000000001101001010101000000

X8Y8,LUT4AB,8,8
frame0,0,32,00000000000000101001000010000000
frame1,1,32,00000011100100000101111000000000
frame2,2,32,00000011001111010010000000000000
frame3,3,32,01000000000100000100000000000010
frame4,4,32,01000000000110000010000000000000
frame5,5,32,00000000001100000000000000000000
frame6,6,32,00000000100010010000000000000000
frame7,7,32,00000100010011100000000000001100
frame8,8,32,01000000000100011001000000000000
frame9,9,32,11000000001100000010001000000001
frame10,10,32,00000000000100101010000000101101
frame11,11,32,11100000000010110000001100000000
frame12,12,32,00000010000000000001000010010100
frame13,13,32,00000100000001010001000000000000
frame14,14,32,00000000000000000000110000000000
frame15,15,32,00101100000000000000100010000000
frame16,16,32,01000000000000000000000000010000
frame17,17,32,00000000000000000000010000000000
frame18,18,32,00000000000000000000001000111000
frame19,19,32,00000000000100010011111100001000

X9Y8,LUT4AB,9,8
frame0,0,32,00000000000000101001101110111000
frame1,1,32,11000011100011000000011100000000
frame2,2,32,00010000101001000010111110100000
frame3,3,32,10000010000100001010110010000000
frame4,4,32,00011000000100011110100100010000
frame5,5,32,10000000010101000100000001010100
frame6,6,32,00001000001000010000100100000100
frame7,7,32,00011100100010011000000010001010
frame8,8,32,00101100000000001101000010000100
frame9,9,32,10000000001110000000011100011001
frame10,10,32,10110000000100000011011000000101
frame11,11,32,00000000000010010110000001000000
frame12,12,32,00001010000000000001000000101000
frame13,13,32,00010001000000000100000001001001
frame14,14,32,00100000000100000100110010100010
frame15,15,32,00111000000000000110000000000010
frame16,16,32,00000100000000000000010000000000
frame17,17,32,00000000000001000010000011011000
frame18,18,32,00101000000000111000111010000000
frame19,19,32,00000000000010010010011111010000

X10Y8,LUT4AB,10,8
frame0,0,32,00000000000000000011000110101010
frame1,1,32,00010000110010000100001110100000
frame2,2,32,00001001000100001110110100000000
frame3,3,32,00000001000010011001000010000000
frame4,4,32,00000000000000000011110100000001
frame5,5,32,00101000001000111011000010010000
frame6,6,32,01011001000100011000110110000000
frame7,7,32,01111100111001010101100010101000
frame8,8,32,01010100100001100100000000110100
frame9,9,32,10100100101000011101110010001000
frame10,10,32,00000000000000001000100000001001
frame11,11,32,00000000000000001010000000010000
frame12,12,32,00000000000000000001000000010000
frame13,13,32,00000110000000000000100001100010
frame14,14,32,00100011000000000010100000000000
frame15,15,32,00100000000000000000000001000000
frame16,16,32,00000000000000000000010000000000
frame17,17,32,00000000000000000001000011100000
frame18,18,32,00000000000001011001000000000000
frame19,19,32,00000000000000011100010001001000

X11Y8,AXIL_S_IO_E_2,11,8
frame0,0,32,10001000101011101010110000000010
frame1,1,32,00000000000000000000000011011100
frame2,2,32,00001111001111000000000000000000
frame3,3,32,00000101000100000001000100000000
frame4,4,32,10000000001100000100010001000101
frame5,5,32,10000010001010110000000000001000
frame6,6,32,00000010000000000011000000000000
frame7,7,32,11000000000000100000000000000000
frame8,8,32,00000000000000000000000000000000
frame9,9,32,00000000000000000000000000000000
frame10,10,32,00000000000000000000000000000000
frame11,11,32,00000000000000000000000000000000
frame12,12,32,00000000000000000000000000000000
frame13,13,32,00000000000000000000000000000000
frame14,14,32,00000000000000000000000000000000
frame15,15,32,00000000000000000000000000000000
frame16,16,32,00000000000000000000000000000000
frame17,17,32,00000000000000000000000000000000
frame18,18,32,00000000000000000000000000000000
frame19,19,32,00000000000000000000000000000000

X0Y7,W_IO,0,7
frame0,0,32,11001101101101000000000000000000
frame1,1,32,10001000000000000000000000000000
frame2,2,32,00000000000000011000000001000011
frame3,3,32,11000000000000000000000000000000
frame4,4,32,00000000000000000000000000000000
frame5,5,32,00000000000000000000000000000000
frame6,6,32,00000000000000000000000000000000
frame7,7,32,00000000000000000000000000000000
frame8,8,32,00000000000000000000000000000000
frame9,9,32,00000000000000000000000000000000
frame10,10,32,00000000000000000000000000000000
frame11,11,32,00000000000000000000000000000000
frame12,12,32,00000000000000000000000000000000
frame13,13,32,00000000000000000000000000000000
frame14,14,32,00000000000000000000000000000000
frame15,15,32,00000000000000000000000000000000
frame16,16,32,00000000000000000000000000000000
frame17,17,32,00000000000000000000000000000000
frame18,18,32,00000000000000000000000000000000
frame19,19,32,00000000000000000000000000000000

X1Y7,LUT4AB,1,7
frame0,0,32,00000000000000000010000100000000
frame1,1,32,01000100000000001101100000000000
frame2,2,32,11000000000100000100000000010000
frame3,3,32,00000010100000011100000000010000
frame4,4,32,00000000000001000000100000000000
frame5,5,32,10000000000100010000000010000000
frame6,6,32,01001000000000010100001000000101
frame7,7,32,00000100000001101000011100000001
frame8,8,32,00010000000000010101000010000000
frame9,9,32,00010000000010000000000000000100
frame10,10,32,00110000000010100010000000100001
frame11,11,32,00000000000010001000000001010000
frame12,12,32,00000010000011110111110001000000
frame13,13,32,00000001000000111011000001000100
frame14,14,32,01000000000010001010000010000000
frame15,15,32,01010000111010101101001000000000
frame16,16,32,00100111000110111100001011001000
frame17,17,32,00100010111001010011100101110000
frame18,18,32,00001101001000010010011001001000
frame19,19,32,00000000000000000000000000110000

X2Y7,LUT4AB,2,7
frame0,0,32,00000000000000000010001100000000
frame1,1,32,00000000000000100000011000000000
frame2,2,32,00000000001100001100000000010000
frame3,3,32,01000010000001100100000100010000
frame4,4,32,00000000010110000000010100001001
frame5,5,32,10000010010100000011100010100001
frame6,6,32,00000000000000001100100100000000
frame7,7,32,00100100000001101010001110001001
frame8,8,32,00000010000000111110111000000010
frame9,9,32,00010000000010000010000011000000
frame10,10,32,00000000000010100011000000000000
frame11,11,32,00000001000010001000000001000000
frame12,12,32,00000010000011110111110000000000
frame13,13,32,00000001001000111011011000000000
frame14,14,32,01000000000010001100000001000000
frame15,15,32,01011000111010101101001000110110
frame16,16,32,00100111000110111100001011001000
frame17,17,32,00100010111001010011100101110010
frame18,18,32,00001101001000010010011001001000
frame19,19,32,00000000000000010110000000000000

X3Y7,LUT4AB,3,7
frame0,0,32,00000000000000000001011010000010
frame1,1,32,00000000000000100100010010100000
frame2,2,32,10000001111000101010000000110000
frame3,3,32,00000011000100000100000000010000
frame4,4,32,00000000000000000000000001111000
frame5,5,32,01000000000100111000000110010000
frame6,6,32,00000000000011101101100000111000
frame7,7,32,00000100000101011000010000010001
frame8,8,32,00101010000000011000001100010100
frame9,9,32,00010000001011001010000000001000
frame10,10,32,10000000000111101101010000000100
frame11,11,32,00000001000111101100000001100001
frame12,12,32,10000000000100111101100000001010
frame13,13,32,10001001000101100101000000111000
frame14,14,32,00010000100010010000110100000100
frame15,15,32,00001000000000011000000000000010
frame16,16,32,01010000011101101111000000010100
frame17,17,32,00100110011100011010010000100010
frame18,18,32,00011011000001001010001000010000
frame19,19,32,00000010000010000001010100001100

X4Y7,LUT4AB,4,7
frame0,0,32,00000000000100000010111110100010
frame1,1,32,00001111000010010000000000100000
frame2,2,32,01000000100100001100001000100000
frame3,3,32,00000010000110001100000000000000
frame4,4,32,10000100010000000000010010001000
frame5,5,32,10000000000000000000001000010000
frame6,6,32,10000000000000001001000010001001
frame7,7,32,01101100000000011001001110001000
frame8,8,32,01000100000000000000000110000000
frame9,9,32,00110000001011001001101000000000
frame10,10,32,00000000001000000101010000110010
frame11,11,32,00000010000110110111000001100100
frame12,12,32,10000000000000010000010001110000
frame13,13,32,10000100001010001000100010111010
frame14,14,32,00101000001000010000000101000010
frame15,15,32,00000000000000010001010000010000
frame16,16,32,00000000001100000001000001000000
frame17,17,32,00000100011110000000001000001000
frame18,18,32,00010101110000000011110000100000
frame19,19,32,00000000001110000001001110000100

X5Y7,LUT4AB,5,7
frame0,0,32,00000000000000000000100010000000
frame1,1,32,00000000001010010000000000000100
frame2,2,32,00000001110100000010000000010000
frame3,3,32,01000010000001100100001010010000
frame4,4,32,00000000010000000010101000000000
frame5,5,32,00000010000100000000000000100001
frame6,6,32,00010000000000001100011000000001
frame7,7,32,01101000000001000100000100000000
frame8,8,32,00000000000000010100000000000000
frame9,9,32,10100000000000000000000011000100
frame10,10,32,00100000000010100000000000111100
frame11,11,32,00000001000010001010000000000000
frame12,12,32,00000000000011110111110001000000
frame13,13,32,00000000000000111011000000000000
frame14,14,32,01000000000010001010010001000000
frame15,15,32,00000000111010101101001000000011
frame16,16,32,00100111000110111100001011001000
frame17,17,32,00100010111001010011100101110000
frame18,18,32,00001101001000010010011001001000
frame19,19,32,00000000000000001001101000000000

X6Y7,LUT4AB,6,7
frame0,0,32,00000000000000011010011000000000
frame1,1,32,11000010101111111000110000000100
frame2,2,32,00000001001010100001000000100000
frame3,3,32,00000001000100001101000000000010
frame4,4,32,00000000001000010000010010001101
frame5,5,32,00000000000011010000000000000001
frame6,6,32,00000000000001010000100000010000
frame7,7,32,10001000000000010010001000100000
frame8,8,32,10100100000000000000000110001000
frame9,9,32,01101000000100001000010011100000
frame10,10,32,10010000000001000001111001110000
frame11,11,32,00100000000000001100100000100110
frame12,12,32,00000000000000101100001000001001
frame13,13,32,00001100000000100100000001011010
frame14,14,32,00000000001000000010010010100010
frame15,15,32,00101001100000000000000000011111
frame16,16,32,00011000001110001101000011110100
frame17,17,32,00100100001001000100001000000000
frame18,18,32,00111001100000100000101000010000
frame19,19,32,00000000000001001100110000110000

X7Y7,LUT4AB,7,7
frame0,0,32,00000000010000100010110000000000
frame1,1,32,00000000100100000000010010101000
frame2,2,32,00000001110000110000100100110000
frame3,3,32,00000001000110011010000010010010
frame4,4,32,10000100000010000000000100000000
frame5,5,32,00000010000011010001000000001000
frame6,6,32,10000000000000110100000110000000
frame7,7,32,10100001000101100111001110100001
frame8,8,32,00000000000000000010111000010000
frame9,9,32,10001000001000001000010100000001
frame10,10,32,00000000000001000011000100100010
frame11,11,32,00100000000000000110001101001010
frame12,12,32,00000110000000000000000000010100
frame13,13,32,00000010001010100000100000100000
frame14,14,32,00000001001000001000100000000000
frame15,15,32,00111000000000000000000010001100
frame16,16,32,00000001100000000000000000000000
frame17,17,32,00110000000001000000000100000000
frame18,18,32,00000000000001011001000001101000
frame19,19,32,00000010000010001010100101000000

X8Y7,LUT4AB,8,7
frame0,0,32,00000000000000011000000000000000
frame1,1,32,00100000001111111000000100001000
frame2,2,32,00000000100101001011110100010000
frame3,3,32,00000001000001000110100010010010
frame4,4,32,00010000010000101110100010000000
frame5,5,32,10000000100001011000000000000000
frame6,6,32,01010000000000010001010100000000
frame7,7,32,01100101000000000010011110001111
frame8,8,32,00010000000000000100011110010100
frame9,9,32,00000100000100010010011100111000
frame10,10,32,00000000000000000111000110000011
frame11,11,32,11000000000010110111000000011010
frame12,12,32,10000110000010100000000001001010
frame13,13,32,10001101001010000101000010011000
frame14,14,32,00000000001100101000110000111010
frame15,15,32,00111000000001101100100001001010
frame16,16,32,01001000100000000101000000010100
frame17,17,32,00000001000001000110010010110000
frame18,18,32,00000100111001110110100001000000
frame19,19,32,00000000000010001000010000101000

X9Y7,LUT4AB,9,7
frame0,0,32,00000000000000001010011000100000
frame1,1,32,00000000110110000000011100001000
frame2,2,32,00000001101101010100000100000000
frame3,3,32,00000011101110100101100010000010
frame4,4,32,10100000010000100001010100001001
frame5,5,32,10001001100001010000000000000000
frame6,6,32,10100001000001010010000010001000
frame7,7,32,00011000000100100111110100000111
frame8,8,32,00001100100000000110011000110010
frame9,9,32,11101000000000011010010010101000
frame10,10,32,00100000000000010011000100000010
frame11,11,32,00100000000000010010000000001000
frame12,12,32,00001100000000000000000010000110
frame13,13,32,00010001000000001001000000000000
frame14,14,32,01110010000100001000010000010010
frame15,15,32,01010000000000000010000100010000
frame16,16,32,00101101100000000000000001010000
frame17,17,32,00010000000000000000001100000010
frame18,18,32,00100000000000000000000000001000
frame19,19,32,00000000000000010000010000100000

X10Y7,LUT4AB,10,7
frame0,0,32,00000000000000000011010010010010
frame1,1,32,00000001100000100111011000001000
frame2,2,32,00000000110101010001111100100000
frame3,3,32,01000001100010001101000110000000
frame4,4,32,00000000000111011000000110001000
frame5,5,32,10000010000000010100000010000000
frame6,6,32,00000000100010001000111111000000
frame7,7,32,10100000011101000001111010000000
frame8,8,32,10000010000001000101111100000110
frame9,9,32,00001000100100110100011011110000
frame10,10,32,00000000010000000011000110111101
frame11,11,32,00000001100000000000000000001111
frame12,12,32,01010110000010100000000110000110
frame13,13,32,00001100001010010101010001000000
frame14,14,32,01000001010100000010000010011000
frame15,15,32,01001101100001001001010000100100
frame16,16,32,00011000001001000000010000000100
frame17,17,32,00000000000001000000110010110000
frame18,18,32,00000000000001001110001000010000
frame19,19,32,00000000010110000000100100000100

X11Y7,AXIL_S_IO_E_3,11,7
frame0,0,32,00000010000100010111010011000000
frame1,1,32,00100000000000000000000001010111
frame2,2,32,00111111110000000000000000000000
frame3,3,32,00001000000000000000001100000000
frame4,4,32,00010000010000000101000101010101
frame5,5,32,00000100001100100000000000000000
frame6,6,32,00001011001110000001000000000000
frame7,7,32,00000000000011000000000000000000
frame8,8,32,00000000000000000000000000000000
frame9,9,32,00000000000000000000000000000000
frame10,10,32,00000000000000000000000000000000
frame11,11,32,00000000000000000000000000000000
frame12,12,32,00000000000000000000000000000000
frame13,13,32,00000000000000000000000000000000
frame14,14,32,00000000000000000000000000000000
frame15,15,32,00000000000000000000000000000000
frame16,16,32,00000000000000000000000000000000
frame17,17,32,00000000000000000000000000000000
frame18,18,32,00000000000000000000000000000000
frame19,19,32,00000000000000000000000000000000

X0Y6,W_IO,0,6
frame0,0,32,11001111100000000000000000000010
frame1,1,32,00001000000000000000000000000000
frame2,2,32,00000000000000110000000000000001
frame3,3,32,00000000000000000000000000000000
frame4,4,32,00000000000000000000000000000000
frame5,5,32,00000000000000000000000000000000
frame6,6,32,00000000000000000000000000000000
frame7,7,32,00000000000000000000000000000000
frame8,8,32,00000000000000000000000000000000
frame9,9,32,00000000000000000000000000000000
frame10,10,32,00000000000000000000000000000000
frame11,11,32,00000000000000000000000000000000
frame12,12,32,00000000000000000000000000000000
frame13,13,32,00000000000000000000000000000000
frame14,14,32,00000000000000000000000000000000
frame15,15,32,00000000000000000000000000000000
frame16,16,32,00000000000000000000000000000000
frame17,17,32,00000000000000000000000000000000
frame18,18,32,00000000000000000000000000000000
frame19,19,32,00000000000000000000000000000000

X1Y6,LUT4AB,1,6
frame0,0,32,00000001100000000110100000010010
frame1,1,32,00000100000000000000011100000100
frame2,2,32,11000000000000000100000000100000
frame3,3,32,10000010000100000000000000010000
frame4,4,32,10001000000010000000011010000001
frame5,5,32,10000000000110000010010000000001
frame6,6,32,10000100000000000111101100000000
frame7,7,32,00010000100001000010000000001000
frame8,8,32,00000000100000010100010100000000
frame9,9,32,00000000000000000000000010000000
frame10,10,32,00000000001010100010000000100010
frame11,11,32,00000001000010001010000001010000
frame12,12,32,00000010000011110111110001000000
frame13,13,32,00000000000000111011000011000000
frame14,14,32,01000011000010001000000000000000
frame15,15,32,00001000111010101101001000110000
frame16,16,32,00100111000110111100001011001000
frame17,17,32,00100010111001010011100101110000
frame18,18,32,00001101001000010010011001001000
frame19,19,32,00000000000000010000100000000100

X2Y6,LUT4AB,2,6
frame0,0,32,00000000000000000000010011110000
frame1,1,32,00000000000000000100000010000000
frame2,2,32,00000000011101010100010000010000
frame3,3,32,10000010000100010001000011110000
frame4,4,32,10000100010010000010001000000000
frame5,5,32,00000000000100000010000000000000
frame6,6,32,10001000000000000000110110000001
frame7,7,32,00000101000001011000000000001000
frame8,8,32,01000000000000010110000010000000
frame9,9,32,10000000000010000000000001000100
frame10,10,32,00110000000010100000000000101010
frame11,11,32,00000000000010001000000001000000
frame12,12,32,00000000000011110111110000000000
frame13,13,32,00000000000000111011001011000000
frame14,14,32,00000010000010001010100001001000
frame15,15,32,00000000111010101101001000000001
frame16,16,32,00100111000110111100001011001000
frame17,17,32,00100010111001010011100101110000
frame18,18,32,00001101001000010010011001001000
frame19,19,32,00000000000000000001000101000000

X3Y6,LUT4AB,3,6
frame0,0,32,00000000010000110100010000000001
frame1,1,32,00001000001110000110100100001000
frame2,2,32,00000001011011001000001100010000
frame3,3,32,00000010000000010100100000010010
frame4,4,32,00000100010110000000001010010000
frame5,5,32,00000000000101110000001010000000
frame6,6,32,00100000000010010010100111000000
frame7,7,32,00001100000001001011100000000010
frame8,8,32,01001000100000100000011010000010
frame9,9,32,10110000001010001000001011110000
frame10,10,32,00100000000011110000100001001110
frame11,11,32,11000001000001100010001010011110
frame12,12,32,11010000000000111000100011000010
frame13,13,32,10001001000010001001001010001000
frame14,14,32,01001010011000000010000000011000
frame15,15,32,00000100000001110111100000001011
frame16,16,32,01001000101100000000011111100000
frame17,17,32,00010010011110001011110000000000
frame18,18,32,00111101100000001001111010000000
frame19,19,32,00000010001000000000100000101100

X4Y6,LUT4AB,4,6
frame0,0,32,00000000000000000001100100010010
frame1,1,32,00001000101100000000100100101000
frame2,2,32,00000001010000001110010100000000
frame3,3,32,00000011000110111000010000000000
frame4,4,32,10000100001000000010010010101000
frame5,5,32,10000000000001000001001000010000
frame6,6,32,11001000000000011100010110001000
frame7,7,32,00011000000000010100101000101000
frame8,8,32,00110100100000010000101000111010
frame9,9,32,00100000001000000000001000001001
frame10,10,32,10000000000101001111001100110001
frame11,11,32,00000001000100001010000000010110
frame12,12,32,00001000000000110001110000010000
frame13,13,32,00011011001101011100000010001101
frame14,14,32,01010001011011000000000000100110
frame15,15,32,01000001000111000010100000011011
frame16,16,32,00100001110000000001001000100000
frame17,17,32,00010100101010000001000000000010
frame18,18,32,00100001010000000001101001010000
frame19,19,32,00000000001111100000110000010100

X5Y6,LUT4AB,5,6
frame0,0,32,00000001000000000000000110001000
frame1,1,32,00000011000000000000010000110100
frame2,2,32,00000000110010001100000101010000
frame3,3,32,00000010000000000000100010010000
frame4,4,32,11000000010000000010000000000000
frame5,5,32,00000010000100000000000000000000
frame6,6,32,10010100000000001100000000000000
frame7,7,32,00100101000001010010000100000000
frame8,8,32,00000000100001010100011000000010
frame9,9,32,00000000000100000010000001001000
frame10,10,32,00010000000010100000000000000111
frame11,11,32,00000000000010001010000001000010
frame12,12,32,00000000000011110111110000000000
frame13,13,32,00000001000000111011011000000000
frame14,14,32,01000000000010001000000011000000
frame15,15,32,00001000111010101101001000010010
frame16,16,32,00100111000110111100001011001000
frame17,17,32,00100010111001010011100101110000
frame18,18,32,00001101001000010010011001001000
frame19,19,32,00000000000000000000100000101100

X6Y6,LUT4AB,6,6
frame0,0,32,00000000000000100001100010001000
frame1,1,32,00000010000101011100001000000000
frame2,2,32,00000001000010111000010000110000
frame3,3,32,00000010010100000000000000010000
frame4,4,32,01000000000100101000010010001000
frame5,5,32,00000000000101000110000000000000
frame6,6,32,00000000000000010000000110000000
frame7,7,32,00000000000001010011001000001101
frame8,8,32,00000010000000010100101000000000
frame9,9,32,00010100000101000010000011001000
frame10,10,32,00111000000010100011000000001000
frame11,11,32,00001000000010001010000000000000
frame12,12,32,00000010000011110111110000000000
frame13,13,32,00000000001000111011001000000000
frame14,14,32,00000000000010000000110000001000
frame15,15,32,00001000111010101101001000000010
frame16,16,32,00100111000110111100001011001000
frame17,17,32,00100010111001010011100100000000
frame18,18,32,00001101001000010010000000000000
frame19,19,32,00000000000000000011101100001000

X7Y6,LUT4AB,7,6
frame0,0,32,00000000000000010011100100100001
frame1,1,32,00000000001111001001001100100100
frame2,2,32,00000001010000110000011100000000
frame3,3,32,10000000101101110001010000010010
frame4,4,32,00000000001010001010110000000001
frame5,5,32,10101000000000000010000010000000
frame6,6,32,00001000110011101000000000000001
frame7,7,32,10010000000011010011001100001110
frame8,8,32,01000000000000001110111000100010
frame9,9,32,10001000000000001101100010100000
frame10,10,32,00100000100000010001000010110101
frame11,11,32,00000000000010110000000100100010
frame12,12,32,00001001000010100000010111000011
frame13,13,32,00010110000010000000100011000101
frame14,14,32,00010000001000001010100001110000
frame15,15,32,00101000000000000010000000010100
frame16,16,32,00000100111000000010000001110000
frame17,17,32,00110000011100001000000100000010
frame18,18,32,00100110000000001000000000011000
frame19,19,32,00000000000000000110010011000000

X8Y6,LUT4AB,8,6
frame0,0,32,00000000100000101000000010000000
frame1,1,32,00000011011100110010000000000000
frame2,2,32,00000001001101110000000000110000
frame3,3,32,01000000001000000100100011110000
frame4,4,32,00000000010110101101000100111100
frame5,5,32,10000000000110000000001111000000
frame6,6,32,00000000000000110000000000010000
frame7,7,32,01100000000001110111000000001100
frame8,8,32,01001000110000000110100000000010
frame9,9,32,10000100000000001110000011000001
frame10,10,32,00000000000001010111000001100001
frame11,11,32,00000000000010110110100110100010
frame12,12,32,00000100100010010000100000111000
frame13,13,32,00000000000010010001000011101101
frame14,14,32,01000000010001000010110000001000
frame15,15,32,01000001100000010110000011010001
frame16,16,32,00001000001110000000000101100000
frame17,17,32,00010000010010001101010100000000
frame18,18,32,00111110000000100001000010101000
frame19,19,32,00000000000001100001111011011100

X9Y6,LUT4AB,9,6
frame0,0,32,00000000000000000001100011000000
frame1,1,32,00000001100101000011101010101000
frame2,2,32,00000000000110101001110000100000
frame3,3,32,00000000000010100010000000000000
frame4,4,32,00000100001001000000110000001001
frame5,5,32,10000001100000100011000010010001
frame6,6,32,00001000000001001000100100000000
frame7,7,32,00011000000001000000000100000010
frame8,8,32,00111110000000001100000110000010
frame9,9,32,00001000001100000000001100000000
frame10,10,32,10000000000000000101100000110001
frame11,11,32,00000000000110101000011010010101
frame12,12,32,00000100000010100000000000010000
frame13,13,32,00001000100000000101000101010010
frame14,14,32,00100000111100000010000010101110
frame15,15,32,00101000000100000000100000010011
frame16,16,32,00000101100000000001000111100100
frame17,17,32,00000001100000000100001111111010
frame18,18,32,00100011011001111000001000010000
frame19,19,32,00000010000000000001100110110000

X10Y6,LUT4AB,10,6
frame0,0,32,00000000100010000010000000010000
frame1,1,32,00000000000001000011110000100000
frame2,2,32,00000000000110101100000010110000
frame3,3,32,00000011010010000000110000010000
frame4,4,32,00000100010011011000000000001100
frame5,5,32,10000010000000011100000000000000
frame6,6,32,00000100000000101010000010000000
frame7,7,32,00100100000100000010100001100001
frame8,8,32,00011010100001100001000000000100
frame9,9,32,10001100100100000000100000000100
frame10,10,32,00000100001100000010001100111100
frame11,11,32,11000010010000000110000100000001
frame12,12,32,00010000000010000000000101110100
frame13,13,32,00000010000010000001000011000100
frame14,14,32,01000001010010000110000000010000
frame15,15,32,01100000000000000101110000010010
frame16,16,32,01110100010000000001000010000000
frame17,17,32,00110001000010000000001100000010
frame18,18,32,00100011011000001011101001010000
frame19,19,32,00000000000010000000010000000000

X11Y6,AXI_M_IO_E_0,11,6
frame0,0,32,00000000000000000001110010110010
frame1,1,32,00001000000000000000000000000000
frame2,2,32,00000000000000000000000001001000
frame3,3,32,00000000000000000000000000000000
frame4,4,32,00000000000000000000000010000000
frame5,5,32,00000101000000110000100000000000
frame6,6,32,00100000110001101000000000000000
frame7,7,32,11000010000000000000000001000000
frame8,8,32,10000000000000000000110001000000
frame9,9,32,00000000000000000000000000000000
frame10,10,32,00000000000000000000000000000000
frame11,11,32,00000000000000000000000000000000
frame12,12,32,00000000000000000000000000000000
frame13,13,32,00000000000000000000000000000000
frame14,14,32,00000000000000000000000000000000
frame15,15,32,00000000000000000000000000000000
frame16,16,32,00000000000000000000000000000000
frame17,17,32,00000000000000000000000000000000
frame18,18,32,00000000000000000000000000000000
frame19,19,32,00000000000000000000000000000000

X0Y5,W_IO,0,5
frame0,0,32,11001101100110000000000000000000
frame1,1,32,00000000000000000000000000000000
frame2,2,32,00000001000000010001110000000010
frame3,3,32,01000100000000000000000000000000
frame4,4,32,00000000000000000000000000000000
frame5,5,32,00000000000000000000000000000000
frame6,6,32,00000000000000000000000000000000
frame7,7,32,00000000000000000000000000000000
frame8,8,32,00000000000000000000000000000000
frame9,9,32,00000000000000000000000000000000
frame10,10,32,00000000000000000000000000000000
frame11,11,32,00000000000000000000000000000000
frame12,12,32,00000000000000000000000000000000
frame13,13,32,00000000000000000000000000000000
frame14,14,32,00000000000000000000000000000000
frame15,15,32,00000000000000000000000000000000
frame16,16,32,00000000000000000000000000000000
frame17,17,32,00000000000000000000000000000000
frame18,18,32,00000000000000000000000000000000
frame19,19,32,00000000000000000000000000000000

X1Y5,LUT4AB,1,5
frame0,0,32,00000000011000001010001010000000
frame1,1,32,00000000001000000000000110000000
frame2,2,32,00000000100000010000001000000000
frame3,3,32,01000010001100100000000110000000
frame4,4,32,10100000011110000000011000000000
frame5,5,32,10101000000110000000000001000000
frame6,6,32,11010001000000011010000011000100
frame7,7,32,00000110000001010000100110001101
frame8,8,32,00010101000000011100011100000000
frame9,9,32,00000010000000000000000000000000
frame10,10,32,00100000000010100000000000110111
frame11,11,32,00000000000010001010000001010000
frame12,12,32,00000000001011110111110011000000
frame13,13,32,00000001010000111011001010000000
frame14,14,32,00000100000010001100100011001000
frame15,15,32,01010000111010101101001000010010
frame16,16,32,00100111000110111100001011001000
frame17,17,32,00100010111001010011100101110000
frame18,18,32,00001101001000010010011001001000
frame19,19,32,00000010000100100000000001110100

X2Y5,LUT4AB,2,5
frame0,0,32,00000000000000001011000010000000
frame1,1,32,00000000000000011000010010100000
frame2,2,32,00000000011100110000101001000000
frame3,3,32,01000010010100100010000001100010
frame4,4,32,10000000011010000001000010111000
frame5,5,32,10000000000110000011000000000000
frame6,6,32,11010000000000000011000110000000
frame7,7,32,10010001000000000001000000000010
frame8,8,32,00010100000000010000001100000000
frame9,9,32,01000000001000010000000011000000
frame10,10,32,00010000000111111010001000000011
frame11,11,32,00100000000111101010001001011001
frame12,12,32,00000010001000111101110001000100
frame13,13,32,00000001000001011111000100000000
frame14,14,32,01000001001010001100000010001000
frame15,15,32,01011001001111001101001000110001
frame16,16,32,00110111110110111100001011001000
frame17,17,32,00100010111001010011100101110010
frame18,18,32,00001101001000010010011001001000
frame19,19,32,00000000000010000001111111000000

X3Y5,LUT4AB,3,5
frame0,0,32,00000000000000011001110001100001
frame1,1,32,01010110001110000111001010000000
frame2,2,32,01000001110001110001010101110000
frame3,3,32,10000001101010111101100100010010
frame4,4,32,00010000001011001001000010001100
frame5,5,32,10000110000110101011101000100000
frame6,6,32,01100010000011101100111110000000
frame7,7,32,10010010000001110011001000011111
frame8,8,32,11011001000000011000101100000100
frame9,9,32,11010100000001111000000000101101
frame10,10,32,00101011000111100101010010001101
frame11,11,32,11101001000001110100000010000000
frame12,12,32,10000100000000011100000010100101
frame13,13,32,10000001001000010000001000011000
frame14,14,32,01000000010000101000000011010000
frame15,15,32,00110000000001111110000010101100
frame16,16,32,01001100101110101101001000000000
frame17,17,32,00010110011010001101010000001000
frame18,18,32,00011101100000101000000000101000
frame19,19,32,00000011100100110011001001001000

X4Y5,LUT4AB,4,5
frame0,0,32,00000000010000000101010001000000
frame1,1,32,00000000001000001100010010100000
frame2,2,32,00000001101100010000000000110000
frame3,3,32,01000000010110001111100110010000
frame4,4,32,10000000001000010011100010011000
frame5,5,32,00000000000100000100000000000000
frame6,6,32,10001000000001100010011100001000
frame7,7,32,10000000000010000000000101101010
frame8,8,32,10000000000000000011011100001010
frame9,9,32,01001000000000110000001100101000
frame10,10,32,00001000000100000011010000111000
frame11,11,32,00100000110000010000100100000111
frame12,12,32,00001000001000100001001100000001
frame13,13,32,00010000010000001100101110000010
frame14,14,32,01010000010101110000000100001010
frame15,15,32,01100000000000110000000100010100
frame16,16,32,00001000100010010100000010010000
frame17,17,32,00000110010000000100001100000000
frame18,18,32,00000000000000000000000000000000
frame19,19,32,00000010000001011100011001001100

X5Y5,LUT4AB,5,5
frame0,0,32,00000001000000000000100100100011
frame1,1,32,00000000001000110000001110100000
frame2,2,32,00000000111110100100000000010000
frame3,3,32,00000010000000000000000000010000
frame4,4,32,00000100010000000000101000000000
frame5,5,32,11000000000101100010000000100001
frame6,6,32,00101100000000001000010000000000
frame7,7,32,00100000000001100010100000001000
frame8,8,32,00000100100000011110000000000000
frame9,9,32,00000000000001000000000010000100
frame10,10,32,00100000000010100001001000110100
frame11,11,32,00000000000010001000000000000010
frame12,12,32,00000000000011110111110001000000
frame13,13,32,00000001000000111011000000000000
frame14,14,32,00000000000010001100000001000000
frame15,15,32,00001000111010101101001000010000
frame16,16,32,00100111000110111100001011001000
frame17,17,32,00100010111001010011100101110000
frame18,18,32,00001101001000010010011001001000
frame19,19,32,00000000000010100001000010010000

X6Y5,LUT4AB,6,5
frame0,0,32,00000001000000010001100010011000
frame1,1,32,00000000000000110100100000000000
frame2,2,32,00000001110010010000000000010000
frame3,3,32,00000010011100111000100001110000
frame4,4,32,10000000011100000000000000001000
frame5,5,32,11000000000100000100000000000000
frame6,6,32,00100000000000010000000000000000
frame7,7,32,00010100000011000110000100000001
frame8,8,32,00000000000000011101011000000010
frame9,9,32,00000100000000000010000011001000
frame10,10,32,00000000000010100000000000000010
frame11,11,32,00000000000010001100000101000010
frame12,12,32,00000010000011110111110010000000
frame13,13,32,00000000000000111011011001000000
frame14,14,32,01100001000010001010000011000000
frame15,15,32,01011000111010101101001000100100
frame16,16,32,00100111000110111100001011001000
frame17,17,32,00100010111001010011100101110000
frame18,18,32,00001101001000010010011001001000
frame19,19,32,00000000000100000010000000001000

X7Y5,LUT4AB,7,5
frame0,0,32,00000000000000100000010111000000
frame1,1,32,00000001000001000100110100000000
frame2,2,32,00000000101100110000001100010000
frame3,3,32,00000011000000000100000010010000
frame4,4,32,10100000010110100110000010110001
frame5,5,32,00000010000101100011000000110001
frame6,6,32,10101001110011110101001000000000
frame7,7,32,00100000000000010011101101100100
frame8,8,32,00000010000000000001010010000110
frame9,9,32,00000100000101011010010000001000
frame10,10,32,00100000000000110011100101000101
frame11,11,32,10000000000000110001000000100011
frame12,12,32,00000000000010100000000011110000
frame13,13,32,00000100001000000000000010100010
frame14,14,32,01000001011000001000010000000000
frame15,15,32,01100000000000000010000010011000
frame16,16,32,01010100000000000000000001110000
frame17,17,32,00100001000000000000000100000000
frame18,18,32,00101000111000000000001010001000
frame19,19,32,00000000000001001001110000000100

X8Y5,LUT4AB,8,5
frame0,0,32,00000000100000000001001010000000
frame1,1,32,00000010011101000000110100000000
frame2,2,32,00000000111100001010000100100000
frame3,3,32,01010001011011001100100000000000
frame4,4,32,01100000010011000000010010011000
frame5,5,32,10100000000100100000000000000000
frame6,6,32,00011001000010000001010000000001
frame7,7,32,00010101000001010000001010000101
frame8,8,32,00001000000000010011001000000000
frame9,9,32,00001000000100000010011001000000
frame10,10,32,00000000000100100010000111111100
frame11,11,32,00000001000110110000000010001000
frame12,12,32,11010110000010100000000011001000
frame13,13,32,10000110001000000001100001000000
frame14,14,32,00101011011011001010010011010000
frame15,15,32,00001001000000010000000001001000
frame16,16,32,00001000000000000000000010010000
frame17,17,32,00000000010110000000001100000000
frame18,18,32,00001010100001011001101011011000
frame19,19,32,00000000000000000101001000100000

X9Y5,LUT4AB,9,5
frame0,0,32,00000000000000001001010100000011
frame1,1,32,00000000010100000011000110100100
frame2,2,32,00000001100100010001101000110000
frame3,3,32,00000010000111000010000000010000
frame4,4,32,10000000010010100110010000001100
frame5,5,32,10000000000000100000000000000001
frame6,6,32,10000000010000000001010100000000
frame7,7,32,00010000000000010000100001100000
frame8,8,32,00000010100100000110001010000010
frame9,9,32,00000000000000000000010000111000
frame10,10,32,00000000000000010000001110000000
frame11,11,32,00000000000000010010000000010100
frame12,12,32,01010000110000000000110001100011
frame13,13,32,00000001100000001001011010000000
frame14,14,32,01000001000100001000000110011000
frame15,15,32,00000000100001110010010010010010
frame16,16,32,00110001100000000010011100000000
frame17,17,32,00010001000000001110110000000010
frame18,18,32,00101000100001110010001000011000
frame19,19,32,00000000000110001111010000100100

X10Y5,LUT4AB,10,5
frame0,0,32,00000001100000000010000100000000
frame1,1,32,00000000000000000110111000000000
frame2,2,32,00000000001000110000000100100000
frame3,3,32,00000000000111000010000010010000
frame4,4,32,10000000010110000000010110101001
frame5,5,32,00000000000001010000000001000001
frame6,6,32,10000000110010101010000001010001
frame7,7,32,10000000000101000010110100000000
frame8,8,32,00000110010100000001001000000000
frame9,9,32,10001101000000100000001011100001
frame10,10,32,10100011010011010010000001111110
frame11,11,32,00000000000000000000000101000010
frame12,12,32,00000010000000000100110010001000
frame13,13,32,00000000000010110000000000001001
frame14,14,32,00000000000000100100010001100000
frame15,15,32,00001100000000010110000010000100
frame16,16,32,01001000100000101010000010010000
frame17,17,32,00110010010110001010000000000000
frame18,18,32,00001010000000000011010001100000
frame19,19,32,00000000000000001000000001000000

X11Y5,AXI_M_IO_E_1,11,5
frame0,0,32,00000000000000000011010010000000
frame1,1,32,00000000000000000000000000000000
frame2,2,32,00000000000000000000000000000000
frame3,3,32,00000000000000000000000000000000
frame4,4,32,00000000000000000000000000000000
frame5,5,32,00000010000010001100000000001000
frame6,6,32,00000000110010000000000000000011
frame7,7,32,00000100010100000000000000000000
frame8,8,32,00000000000001010000000000000000
frame9,9,32,00000000000000000000000000000000
frame10,10,32,00000000000000000000000000000000
frame11,11,32,00000000000000000000000000000000
frame12,12,32,00000000000000000000000000000000
frame13,13,32,00000000000000000000000000000000
frame14,14,32,00000000000000000000000000000000
frame15,15,32,00000000000000000000000000000000
frame16,16,32,00000000000000000000000000000000
frame17,17,32,00000000000000000000000000000000
frame18,18,32,00000000000000000000000000000000
frame19,19,32,00000000000000000000000000000000

X0Y4,W_IO,0,4
frame0,0,32,11001001100100000000000000000000
frame1,1,32,10100000000000000000000000000000
frame2,2,32,00000000000000111110010000000001
frame3,3,32,10001000000000000000000000000000
frame4,4,32,00000000000000000000000000000000
frame5,5,32,00000000000000000000000000000000
frame6,6,32,00000000000000000000000000000000
frame7,7,32,00000000000000000000000000000000
frame8,8,32,00000000000000000000000000000000
frame9,9,32,00000000000000000000000000000000
frame10,10,32,00000000000000000000000000000000
frame11,11,32,00000000000000000000000000000000
frame12,12,32,00000000000000000000000000000000
frame13,13,32,00000000000000000000000000000000
frame14,14,32,00000000000000000000000000000000
frame15,15,32,00000000000000000000000000000000
frame16,16,32,00000000000000000000000000000000
frame17,17,32,00000000000000000000000000000000
frame18,18,32,00000000000000000000000000000000
frame19,19,32,00000000000000000000000000000000

X1Y4,LUT4AB,1,4
frame0,0,32,00000000000000000010001010100000
frame1,1,32,01010001000000001110001100000000
frame2,2,32,00010001110010100000000000000000
frame3,3,32,00000011010001100000000000010010
frame4,4,32,00000000001000010011010010000001
frame5,5,32,01000000000001000000000000010000
frame6,6,32,01001000000000100100001011000000
frame7,7,32,10001011000000000111000000000001
frame8,8,32,00011101100000000000101110000000
frame9,9,32,01000010001001100000000000000100
frame10,10,32,00000000000000000001000000000000
frame11,11,32,00100001000010000100100101000010
frame12,12,32,00001000000000100000100110000100
frame13,13,32,00010000001010000001011000010001
frame14,14,32,00100000001001011000000001100010
frame15,15,32,00010000000111110011110000000110
frame16,16,32,00110001111100001000011111101000
frame17,17,32,00100110111110000011111101110000
frame18,18,32,00010101100000001001011001001000
frame19,19,32,00000001011000101000011000100000

X2Y4,LUT4AB,2,4
frame0,0,32,00000000000000100000000001000000
frame1,1,32,00000011000001011001011000010000
frame2,2,32,00000000110110110010000001000000
frame3,3,32,00000001100110000100000000000000
frame4,4,32,01000000000001000110000010000101
frame5,5,32,01000000000000010000000000000100
frame6,6,32,10000000000011111000100000000100
frame7,7,32,01001001000110100000101001100001
frame8,8,32,01101100000001010010100100000110
frame9,9,32,10100100001100001000010000011000
frame10,10,32,10010000100111101000010000000011
frame11,11,32,00000001000001111001000100000011
frame12,12,32,00001111000000111101000010111100
frame13,13,32,00011001001001111100010001100111
frame14,14,32,00000000001000001100000101001110
frame15,15,32,01100000000000000001110001000011
frame16,16,32,00011000100100001101011111000100
frame17,17,32,00110100000000000011111001011000
frame18,18,32,00100001010000001001000011011000
frame19,19,32,00000000000000010010010000001000

X3Y4,LUT4AB,3,4
frame0,0,32,00000000000000000000001000001000
frame1,1,32,00101100000110001100010000100000
frame2,2,32,00000000101110011000000100000000
frame3,3,32,01000001000100000100100000000010
frame4,4,32,10000100010000101000000000000001
frame5,5,32,00000010000000000000000000000000
frame6,6,32,11000000000000011000000000001000
frame7,7,32,01100000000011000010000000000011
frame8,8,32,00010010000000010000011000001000
frame9,9,32,10001000001001000011110000100000
frame10,10,32,00100000000101001101000101000011
frame11,11,32,00000000100110111101000111010000
frame12,12,32,10000100000000100001010010010000
frame13,13,32,10000100000001100000011000110000
frame14,14,32,00000000010100001010110100011010
frame15,15,32,00000000000000010101010011000000
frame16,16,32,00100001100000000010000001000000
frame17,17,32,00010010010110011010001000001000
frame18,18,32,00000000000000000000000010000000
frame19,19,32,00000010001000000000000000000000

X4Y4,LUT4AB,4,4
frame0,0,32,00000000100010010001101000000000
frame1,1,32,00000110001000000001100000100000
frame2,2,32,10000001000100000001100000110000
frame3,3,32,00000000100110100001000000000010
frame4,4,32,10000100001100011011000000000000
frame5,5,32,10000000000100000000100000000001
frame6,6,32,11000000000001010100000000000000
frame7,7,32,00010000000101010100001100001010
frame8,8,32,00011100000000001001000000000000
frame9,9,32,01001000000000000001111111100000
frame10,10,32,00000000000000010011001100000011
frame11,11,32,00100000000110000110010001011000
frame12,12,32,00000000110000000000101010000100
frame13,13,32,00000100000010010000000000000001
frame14,14,32,01001000000000100110000001100000
frame15,15,32,01001000000000010010000000010100
frame16,16,32,00000100100100010010001001100000
frame17,17,32,00110110100000000000000011011010
frame18,18,32,00100000000001000010000000000000
frame19,19,32,00000000001000001111110000000000

X5Y4,LUT4AB,5,4
frame0,0,32,00000000000000010101100100000010
frame1,1,32,00000010011010000000010100000000
frame2,2,32,00001001011101100000001001100000
frame3,3,32,00000010010000000000000000010000
frame4,4,32,01000000001010001000010000000000
frame5,5,32,11000000000000000000000000000000
frame6,6,32,00100100000000100000000000000000
frame7,7,32,01100000000100000001000000000000
frame8,8,32,00000100100000011001000000000000
frame9,9,32,00001000000000000000000101000001
frame10,10,32,00010000000000000010000001001110
frame11,11,32,00000000000000000000100100000101
frame12,12,32,00000010000000000000101101110000
frame13,13,32,00000000000000110000100011000000
frame14,14,32,00000000000001001000000010010000
frame15,15,32,00101000000000110001010000010000
frame16,16,32,00000000100010000111011000001000
frame17,17,32,00000000100000010110110001110000
frame18,18,32,00011000100000000000011001001000
frame19,19,32,00000000000000001110000000000100

X6Y4,LUT4AB,6,4
frame0,0,32,00000000000000110001001010001000
frame1,1,32,00000001011010010000000100010000
frame2,2,32,00000001111100000000010001110000
frame3,3,32,00000010010000011000000000010000
frame4,4,32,01000000011000000000110000001000
frame5,5,32,00000000000100000000000000001101
frame6,6,32,00010100000000011000000000000000
frame7,7,32,00000001000001000010100000000100
frame8,8,32,00000100000000010110011000000000
frame9,9,32,00000000000000000000000010000000
frame10,10,32,00010000000010100001000000110001
frame11,11,32,00000000000010001010000100000000
frame12,12,32,00000010000011110111110011000000
frame13,13,32,00000000000000111011011010000000
frame14,14,32,00000000000010001000000000001000
frame15,15,32,01010000111010101101001000000000
frame16,16,32,00100111000110111100001011001000
frame17,17,32,00100010111001010011100101110010
frame18,18,32,00001101001000010010011001001000
frame19,19,32,00000000000100000110001000001000

X7Y4,LUT4AB,7,4
frame0,0,32,00000000000000010000010000010000
frame1,1,32,00000001100000100110000100000000
frame2,2,32,00000000110100110000100100010000
frame3,3,32,00000001000101001110100010010010
frame4,4,32,00100000000010111111010100000001
frame5,5,32,10000010000001100000000000100001
frame6,6,32,10000000010000010101011000000001
frame7,7,32,10011000000100000011100100000101
frame8,8,32,10001000000000000011011100000110
frame9,9,32,11100000000001001001101100101000
frame10,10,32,00000000000000000011010100000010
frame11,11,32,00100000000000010000100000000111
frame12,12,32,10001010000010100000000101001100
frame13,13,32,10010001100010001000000011010001
frame14,14,32,00000000010000100000000101010010
frame15,15,32,00011001100000000110000010001111
frame16,16,32,00011100000000000010000000000000
frame17,17,32,00100001000000000000000000000000
frame18,18,32,00100100111001011001000011101000
frame19,19,32,00000000000000000110101000001000

X8Y4,LUT4AB,8,4
frame0,0,32,00000000000000100111000010001000
frame1,1,32,00000010010010010001000100100000
frame2,2,32,00000000010000011011100000010000
frame3,3,32,00000001001101000110100000010000
frame4,4,32,00000000000010000010010001100001
frame5,5,32,10000000000110011000000000011000
frame6,6,32,00000100000010000000000010100000
frame7,7,32,00000100000000000000000000001110
frame8,8,32,00100000100000100111010000000000
frame9,9,32,00001000000001000010000000101001
frame10,10,32,10000000000000110011000011001101
frame11,11,32,00000001000000010010000100000000
frame12,12,32,10000110000000000000000011100000
frame13,13,32,10000000000000001100000010001000
frame14,14,32,00000000000010001000110001110000
frame15,15,32,00011000000111000000000001001000
frame16,16,32,01010001100000000000000010110100
frame17,17,32,00000001100001000000001100010000
frame18,18,32,00000110101000111001000011011000
frame19,19,32,00000000000001100001111100000000

X9Y4,LUT4AB,9,4
frame0,0,32,00000001100000010001010000000000
frame1,1,32,00000000010100000000011000000000
frame2,2,32,00000001100010111010000000000000
frame3,3,32,00000000000010100100001000000000
frame4,4,32,00100000000100000110010100001101
frame5,5,32,11000010000000111001000000110000
frame6,6,32,00100001100011100000100000001001
frame7,7,32,01011101000010001000000000000000
frame8,8,32,01100110000100001000100110001000
frame9,9,32,10110100000010001000000000011001
frame10,10,32,10000000000011010000000010000000
frame11,11,32,11000000000000000100100000010110
frame12,12,32,00000000000000000100110000000001
frame13,13,32,00001000001000000100000001011010
frame14,14,32,00110000000000000110110101100000
frame15,15,32,00101000100001100100000100100010
frame16,16,32,01001100000010010000000010010100
frame17,17,32,00010111000110001100000000011000
frame18,18,32,00100000000000000011000001110000
frame19,19,32,00000000000000000110110100110000

X10Y4,LUT4AB,10,4
frame0,0,32,00000000100000000000000000000000
frame1,1,32,00000010010001000000010000000000
frame2,2,32,00000000011101100000100000000000
frame3,3,32,00000010000010010100000010000000
frame4,4,32,11000000010010000000000000100000
frame5,5,32,00000000000101110000000000000000
frame6,6,32,10000000000010011000011000000000
frame7,7,32,10000001000001100000010000001001
frame8,8,32,11000000000000000001001000000000
frame9,9,32,10000100001100000000000011000000
frame10,10,32,00010000000100110110000000100010
frame11,11,32,00000000000010101010100001001101
frame12,12,32,00000110000010000000001101100000
frame13,13,32,00000000100000100000101000000101
frame14,14,32,00001000011000000010000011111000
frame15,15,32,00001000000000000100000010100000
frame16,16,32,00101000000010000001000000000000
frame17,17,32,00110001000010011111000000000000
frame18,18,32,00001001100000100000001010101000
frame19,19,32,00000000000000000001000000000000

X11Y4,AXI_M_IO_E_2,11,4
frame0,0,32,10000000000000000000000000000010
frame1,1,32,00000000000000000000000000000000
frame2,2,32,00000000000000000000001000000000
frame3,3,32,00000000000000000000000000000000
frame4,4,32,00000000000000000000000000000000
frame5,5,32,00000000000000000000000000000000
frame6,6,32,00000000000000000110000000000000
frame7,7,32,10001100000000000000000000000000
frame8,8,32,00000000000001010000000000000000
frame9,9,32,00000000000000000000000000000000
frame10,10,32,00000000000000000000000000000000
frame11,11,32,00000000000000000000000000000000
frame12,12,32,00000000000000000000000000000000
frame13,13,32,00000000000000000000000000000000
frame14,14,32,00000000000000000000000000000000
frame15,15,32,00000000000000000000000000000000
frame16,16,32,00000000000000000000000000000000
frame17,17,32,00000000000000000000000000000000
frame18,18,32,00000000000000000000000000000000
frame19,19,32,00000000000000000000000000000000

X0Y3,W_IO,0,3
frame0,0,32,11001011100010000000000000000000
frame1,1,32,00010000000000000000000000000000
frame2,2,32,00010000001001110000000010000010
frame3,3,32,00110000000000000000000000000000
frame4,4,32,00000000000000000000000000000000
frame5,5,32,00000000000000000000000000000000
frame6,6,32,00000000000000000000000000000000
frame7,7,32,00000000000000000000000000000000
frame8,8,32,00000000000000000000000000000000
frame9,9,32,00000000000000000000000000000000
frame10,10,32,00000000000000000000000000000000
frame11,11,32,00000000000000000000000000000000
frame12,12,32,00000000000000000000000000000000
frame13,13,32,00000000000000000000000000000000
frame14,14,32,00000000000000000000000000000000
frame15,15,32,00000000000000000000000000000000
frame16,16,32,00000000000000000000000000000000
frame17,17,32,00000000000000000000000000000000
frame18,18,32,00000000000000000000000000000000
frame19,19,32,00000000000000000000000000000000

X1Y3,LUT4AB,1,3
frame0,0,32,00000000001000000001000100010000
frame1,1,32,00000000100000000000100010100000
frame2,2,32,00000001011100010101000000100000
frame3,3,32,01000010000101001101010000000010
frame4,4,32,00000100010000000011000000000000
frame5,5,32,11000000000000000000000000000000
frame6,6,32,00000000000000000101000000000000
frame7,7,32,01111100000000001010100110000010
frame8,8,32,00000100000000000011100110000000
frame9,9,32,00000100000011100000000011000000
frame10,10,32,00110000000000000011101000000000
frame11,11,32,00000001000000000101000100000000
frame12,12,32,00000000000000000000110001000000
frame13,13,32,00000001000000010011000010000100
frame14,14,32,01000000010000000100000010000000
frame15,15,32,01010000001000001101001000010011
frame16,16,32,00000110100110111100001011001000
frame17,17,32,00010010011001010011100100000010
frame18,18,32,00001101001000010010000000000000
frame19,19,32,00000000000000001100010011100000

X2Y3,LUT4AB,2,3
frame0,0,32,00000000000100101001001001000000
frame1,1,32,10000011010000010011110000000100
frame2,2,32,00000000111110110110000100000000
frame3,3,32,00000000000100010100101001100010
frame4,4,32,00000000010010000001001010000101
frame5,5,32,00000000000001000010000010000101
frame6,6,32,00000000000000110010100100000100
frame7,7,32,00000000000000100001110000001111
frame8,8,32,01100000100000100000000000000100
frame9,9,32,10000000001000000111000000110001
frame10,10,32,10100000100111000100100010000000
frame11,11,32,11000000000010000010000001010101
frame12,12,32,11011011000000100101000001100010
frame13,13,32,10010100000001000101000011000001
frame14,14,32,01000000010000110010000100010110
frame15,15,32,00100000000001101100100000001001
frame16,16,32,01001000100001101101000000010100
frame17,17,32,00010000000000011101000100011010
frame18,18,32,00001010101000101001000001110000
frame19,19,32,00000000001000010000001000000000

X3Y3,LUT4AB,3,3
frame0,0,32,00000000100010010011100110001000
frame1,1,32,00000000000000001000001010101000
frame2,2,32,00000001011110010110001100000000
frame3,3,32,00000001000001001100000000000000
frame4,4,32,00000000000000101001000000100100
frame5,5,32,00000000000001101000000000000000
frame6,6,32,00000000000001010000000100010000
frame7,7,32,01100100000000100110100010001000
frame8,8,32,00000100000000000110011000000000
frame9,9,32,00001000001000000001000001000000
frame10,10,32,00000000000100010001011011000010
frame11,11,32,00000000000110000100000110000100
frame12,12,32,00001000000100100101000011111000
frame13,13,32,00011000101000000100100011100011
frame14,14,32,00011001010001000010100010010000
frame15,15,32,00000000100001110011010000000000
frame16,16,32,00010101101000001010000001000000
frame17,17,32,00110010111100000110001000000000
frame18,18,32,00011110011001001000000000010000
frame19,19,32,00000000001000000111111111011000

X4Y3,LUT4AB,4,3
frame0,0,32,00000001100100000001100000110000
frame1,1,32,00000000000000000010000010001000
frame2,2,32,00000000010100100000100000100000
frame3,3,32,00000000000000001100100000000000
frame4,4,32,00000000010110000000010000101001
frame5,5,32,00000000000100000000000000000001
frame6,6,32,00000000000000110000000000000000
frame7,7,32,11100000000000100100000000001000
frame8,8,32,10001100100000000110000010000100
frame9,9,32,00000100000001001000000000010000
frame10,10,32,00100000000000010001000100001101
frame11,11,32,00000000000000010000000010001010
frame12,12,32,00000000000000000000000100001000
frame13,13,32,00001011000000000001000100010000
frame14,14,32,01000001000000000100000000100000
frame15,15,32,00000100000000110000000000000100
frame16,16,32,00101000100000000010000010010000
frame17,17,32,00010010010100000110010000000000
frame18,18,32,00000000000000111000111010000000
frame19,19,32,00000000001000000111100001000100

X5Y3,LUT4AB,5,3
frame0,0,32,00000000000000000110000110001000
frame1,1,32,00000010100000000000000100000000
frame2,2,32,00000001010100010100000000000000
frame3,3,32,01000000000100000000000000000000
frame4,4,32,00000100010100000000000000111000
frame5,5,32,11000000000001000000000000000000
frame6,6,32,01100100000010010000000000000000
frame7,7,32,01100100000110000010001000001101
frame8,8,32,00110000000000011000101000000010
frame9,9,32,00000000000100000010011100000000
frame10,10,32,10000000000000010000000101000101
frame11,11,32,00000001100100000010011001011000
frame12,12,32,00000000000000001100000000010000
frame13,13,32,00000000001000100001000000101010
frame14,14,32,00000000000011000000010000101000
frame15,15,32,00000001000000000000100000000100
frame16,16,32,00000000010100000000000000000000
frame17,17,32,00000110000100000000110000000000
frame18,18,32,00000000000000000000000000000000
frame19,19,32,00000000000000001100100100001000

X6Y3,LUT4AB,6,3
frame0,0,32,00000000000000010000100000000000
frame1,1,32,00000001100100101101110000100000
frame2,2,32,00000001111110010000110100100000
frame3,3,32,00000010000110000010000000000000
frame4,4,32,10000000011110000010100000000000
frame5,5,32,01001000000001000000000001001000
frame6,6,32,10000000000000011000000010010000
frame7,7,32,00001100000100011111000000000011
frame8,8,32,00000100000000000100111010000010
frame9,9,32,01100000000010000010000000101000
frame10,10,32,00110000000000010001001000110100
frame11,11,32,00100000000000110100000000000000
frame12,12,32,00000000000010000000110010001001
frame13,13,32,00000000000010010011000010000010
frame14,14,32,00000000001110001100100000001000
frame15,15,32,00010000111010101101001000000011
frame16,16,32,00100111000110111100001011001000
frame17,17,32,00100010111001010011100101110010
frame18,18,32,00001101001000010010011001001000
frame19,19,32,00000000000010000000010000000000

X7Y3,LUT4AB,7,3
frame0,0,32,00000000000000000000101000010000
frame1,1,32,00000010100000100100010100000000
frame2,2,32,00000001101101110110100100000000
frame3,3,32,01000000100110000111100000000000
frame4,4,32,11000000000010000000000000000001
frame5,5,32,00000000000000000010000000010001
frame6,6,32,10000000000010100000100010010000
frame7,7,32,01100001000101001111100000000010
frame8,8,32,00100000000000001010000100000000
frame9,9,32,00000100000010001001101111000001
frame10,10,32,10110000000000000001100100000011
frame11,11,32,00000001000000000001000001000000
frame12,12,32,10000000000010000000001001000000
frame13,13,32,10000100000010100000011010111010
frame14,14,32,00001000010000000000110101100000
frame15,15,32,00000000000000000000000000000000
frame16,16,32,00000000000000000000000010110100
frame17,17,32,00000011000000000000000100010000
frame18,18,32,00000100011000000000010011111000
frame19,19,32,00000000000000011100000011000000

X8Y3,LUT4AB,8,3
frame0,0,32,00000000000000010110100010000000
frame1,1,32,00000010100100000000000100111000
frame2,2,32,00000001010000011010000001010000
frame3,3,32,01000001000101101000000000010000
frame4,4,32,00000000000010000111010000110000
frame5,5,32,11000000000000100000000000000000
frame6,6,32,11100000000000110000000110000001
frame7,7,32,01110001000110001010100000000011
frame8,8,32,00010000000000001101101010000110
frame9,9,32,11010000000010000000000011101100
frame10,10,32,00110000000101000010000010110000
frame11,11,32,00100001000110011100000010000000
frame12,12,32,00000100000010000000000001100001
frame13,13,32,00001000001000100101000011000010
frame14,14,32,01000000010100001010110001000000
frame15,15,32,01000000000000000001010000000000
frame16,16,32,00000000000000000010000001000100
frame17,17,32,00000001000000000000011100101000
frame18,18,32,00000100111001011001001000111000
frame19,19,32,00000000000000101101000100000000

X9Y3,LUT4AB,9,3
frame0,0,32,00000000011000010000101100000010
frame1,1,32,00000001100100001100010000100000
frame2,2,32,00000001111100000110100000000000
frame3,3,32,00000011000000100110000110000000
frame4,4,32,00000000000000000001000010000100
frame5,5,32,01001010000000000000000000010000
frame6,6,32,01100000000000000100000000000000
frame7,7,32,11100101000010000000000100000000
frame8,8,32,10010100000000001010001000000000
frame9,9,32,00001000000000000000010100000001
frame10,10,32,00000000000001000100001111000001
frame11,11,32,00000001100000000010000000111010
frame12,12,32,00001000000000000100000000101000
frame13,13,32,00010001001000000101000000010001
frame14,14,32,00100000000110000100100000011010
frame15,15,32,00000000100011100110000000000110
frame16,16,32,00010000100100000000000010010000
frame17,17,32,00010100000000011000001100000000
frame18,18,32,00001011111000111011000000000000
frame19,19,32,00000010000010011011110100000000

X10Y3,LUT4AB,10,3
frame0,0,32,00000001100000010000000010001000
frame1,1,32,00000000010000000000100000000000
frame2,2,32,00000001000010000000001000000000
frame3,3,32,00000000000000100000000001100000
frame4,4,32,00000000000000100000000000000000
frame5,5,32,10100000000000000000000000000000
frame6,6,32,00000101010001000001000100000000
frame7,7,32,00010000000110000110000100000010
frame8,8,32,00001100100000001010001000000000
frame9,9,32,00000000001000000000000000100000
frame10,10,32,00000000000000000000011000000010
frame11,11,32,00000000000110001000000000000100
frame12,12,32,01010000000000000000000010000010
frame13,13,32,00000001000000100000000001000000
frame14,14,32,00000000000000100010000000000000
frame15,15,32,00010000000000000000000000000001
frame16,16,32,00000000000000000110000000000000
frame17,17,32,00000000000001000000000000000000
frame18,18,32,00100000000001001000000000000000
frame19,19,32,00000000000100001010001000000000

X11Y3,AXI_M_IO_E_3,11,3
frame0,0,32,00000000000000001000000010000000
frame1,1,32,00000000000000000000000000000000
frame2,2,32,00000000000000000000000000000000
frame3,3,32,00000000000000000000000000000000
frame4,4,32,00000000000000000000000000000000
frame5,5,32,00000010000000000000000000000000
frame6,6,32,00000000110000000000000000000010
frame7,7,32,00000100000100000000000000001000
frame8,8,32,00000000000000000000000000000000
frame9,9,32,00000000000000000000000000000000
frame10,10,32,00000000000000000000000000000000
frame11,11,32,00000000000000000000000000000000
frame12,12,32,00000000000000000000000000000000
frame13,13,32,00000000000000000000000000000000
frame14,14,32,00000000000000000000000000000000
frame15,15,32,00000000000000000000000000000000
frame16,16,32,00000000000000000000000000000000
frame17,17,32,00000000000000000000000000000000
frame18,18,32,00000000000000000000000000000000
frame19,19,32,00000000000000000000000000000000

X0Y2,W_IO,0,2
frame0,0,32,11001111100111000000000000000000
frame1,1,32,00001000000000000000000000000000
frame2,2,32,00000000000000100000100000000000
frame3,3,32,00000000000000000000000000000000
frame4,4,32,00000000000000000000000000000000
frame5,5,32,00000000000000000000000000000000
frame6,6,32,00000000000000000000000000000000
frame7,7,32,00000000000000000000000000000000
frame8,8,32,00000000000000000000000000000000
frame9,9,32,00000000000000000000000000000000
frame10,10,32,00000000000000000000000000000000
frame11,11,32,00000000000000000000000000000000
frame12,12,32,00000000000000000000000000000000
frame13,13,32,00000000000000000000000000000000
frame14,14,32,00000000000000000000000000000000
frame15,15,32,00000000000000000000000000000000
frame16,16,32,00000000000000000000000000000000
frame17,17,32,00000000000000000000000000000000
frame18,18,32,00000000000000000000000000000000
frame19,19,32,00000000000000000000000000000000

X1Y2,LUT4AB,1,2
frame0,0,32,00000000000001000001010000000000
frame1,1,32,00010101000000011010000010010000
frame2,2,32,00000000100100000010000001100000
frame3,3,32,00000001000000100100000000000000
frame4,4,32,00000000000001000000000000001000
frame5,5,32,00000000000000000000100000000000
frame6,6,32,00000000000000000000011001000001
frame7,7,32,01100001000000000010000000000000
frame8,8,32,00100000000000000001010000000000
frame9,9,32,10000000000000100000000000000000
frame10,10,32,10010000000000000010000000000001
frame11,11,32,10000000100000000000000000001001
frame12,12,32,00000010000100001100000000001000
frame13,13,32,00001000001000001101000000000000
frame14,14,32,00000000000000001000000001010100
frame15,15,32,00101100100000110000000000000100
frame16,16,32,01011000000000000000000010010100
frame17,17,32,00100000000000000000001100000000
frame18,18,32,00000000100000000000000000000000
frame19,19,32,00000010000000001101100011000000

X2Y2,LUT4AB,2,2
frame0,0,32,00000000000000100000000000100000
frame1,1,32,00000001000001000011000010000000
frame2,2,32,00000001000101100110100000100000
frame3,3,32,00000000100000101111000000000000
frame4,4,32,00000000000011001011010010101101
frame5,5,32,00000000000000000011000000000001
frame6,6,32,00001000000000011000101010000000
frame7,7,32,11100101000000001000001000000101
frame8,8,32,11000000000000000101001000000000
frame9,9,32,10011000000110000000001101000001
frame10,10,32,00000000000000010110000110110000
frame11,11,32,11000000000110000100000000001010
frame12,12,32,00000110000010001100000011010000
frame13,13,32,00000000100010001100000000100110
frame14,14,32,00000000010001000000100000111000
frame15,15,32,00101001100000000100000000011110
frame16,16,32,01001100000000000001000000000000
frame17,17,32,00010111000000000000000100000000
frame18,18,32,00000010001001010011000000001000
frame19,19,32,00000000000000001000010001000100

X3Y2,LUT4AB,3,2
frame0,0,32,00000000000000000000000000000000
frame1,1,32,00000000010101010010000000101000
frame2,2,32,00000001101000111000100000110000
frame3,3,32,00000000100100000000000000000000
frame4,4,32,01000000000000000000010110111000
frame5,5,32,11000010000100100000000000110001
frame6,6,32,00011000000000011001000010000000
frame7,7,32,00010001000001100100100100001000
frame8,8,32,01100000100000000100000010000100
frame9,9,32,10000000000100000010000000010000
frame10,10,32,10000000000001100100000000110001
frame11,11,32,11000001000000110010000010000101
frame12,12,32,00000100000000000000000101000000
frame13,13,32,00000000000000000100000001010010
frame14,14,32,00001000000000000010000001100100
frame15,15,32,00000100100000111110000000010000
frame16,16,32,00011100000000000101000000000000
frame17,17,32,00100010000000001001000000000010
frame18,18,32,00011110101000110001000000101000
frame19,19,32,00000000000000001000000000000000

X4Y2,LUT4AB,4,2
frame0,0,32,00000000000000010000110000000000
frame1,1,32,00000000010110000000001000000000
frame2,2,32,00000001001001100110001000010000
frame3,3,32,00000011000001101100000000010010
frame4,4,32,00000000010010011000010010000000
frame5,5,32,10000000000100000001000000010000
frame6,6,32,00000000000010000100000010000000
frame7,7,32,00011100000101001100001100000111
frame8,8,32,01000010000000000101000010000000
frame9,9,32,10100000000010000010000000100000
frame10,10,32,00110000000011110010000010000100
frame11,11,32,00000001000111110100000100000000
frame12,12,32,00000010000010011100110001000000
frame13,13,32,00000001000000011111000010000100
frame14,14,32,00000010010010000000110000001000
frame15,15,32,00011000101011001101001000010011
frame16,16,32,00011100000010111100001011001000
frame17,17,32,00000000000001010011100100000010
frame18,18,32,00000000000000010010000000000000
frame19,19,32,00000000000000000001000000000000

X5Y2,LUT4AB,5,2
frame0,0,32,00000000000000000000000000011000
frame1,1,32,00000000000001000000000000000000
frame2,2,32,00000000010000000100000000000000
frame3,3,32,00000000000100011000000110000000
frame4,4,32,01000000010000000000000010000000
frame5,5,32,00000010000000011000000000000000
frame6,6,32,00000100000000000000000010000000
frame7,7,32,00000001000000000001010000000000
frame8,8,32,00000000000000000000000000000000
frame9,9,32,00000000000100000000000000000000
frame10,10,32,00000000000000000000000000000000
frame11,11,32,00000001000000000000000000000000
frame12,12,32,00000000000000000000000000000000
frame13,13,32,00000000000100000000000000000000
frame14,14,32,00000001000000000000000000000000
frame15,15,32,00000000000000000000000000000000
frame16,16,32,00000000000000000000000000000000
frame17,17,32,00000000000000000000000000000000
frame18,18,32,00000000000000000000000000000000
frame19,19,32,00000000000000000010000011001000

X6Y2,LUT4AB,6,2
frame0,0,32,00000000000000100000000000000000
frame1,1,32,00000001000000000101010010000000
frame2,2,32,00000001101100000000000000000000
frame3,3,32,00000011100100101100000000000000
frame4,4,32,00000000000010000111010000101001
frame5,5,32,01000000000000001000000000000001
frame6,6,32,00011000000011000000000100000000
frame7,7,32,10000000000000000110001100001000
frame8,8,32,11001000000100000111001110000100
frame9,9,32,11001000000001001000010000011000
frame10,10,32,00000000001000010111000111000000
frame11,11,32,00100000000000010110110100001110
frame12,12,32,00001010000000000000000010000001
frame13,13,32,00010000001000000000000001000010
frame14,14,32,00010000000100001000000000000000
frame15,15,32,00001001100000000010000010010100
frame16,16,32,00011100000010001001000000000000
frame17,17,32,00100000000000010101000000000000
frame18,18,32,00000000000001110011000001011000
frame19,19,32,00000000000000000010000010000100

X7Y2,LUT4AB,7,2
frame0,0,32,00000000100000010000111000000001
frame1,1,32,00000010000000001000011000001100
frame2,2,32,00000001110000111100010000010000
frame3,3,32,00000000000011001100010011010010
frame4,4,32,11000000010110001101010000000101
frame5,5,32,10000010000001000101000001000000
frame6,6,32,10010000000000010100011010010001
frame7,7,32,10010000000100000010001101100000
frame8,8,32,11001000000000000000011000000000
frame9,9,32,10000000000000000000010000000000
frame10,10,32,00000000000000000000100100001110
frame11,11,32,00000000000000000101100001000011
frame12,12,32,00000000110000100000010001100000
frame13,13,32,00001001001001110001000010110101
frame14,14,32,01000000010000100010000101100000
frame15,15,32,00010001100001110100000000001101
frame16,16,32,00001100000000000001000001110000
frame17,17,32,00000011000010000110000100000000
frame18,18,32,00100010001000110011000000000000
frame19,19,32,00000000000000001001010000000000

X8Y2,LUT4AB,8,2
frame0,0,32,00000000000000101000100000001000
frame1,1,32,00000010100001001000010000000000
frame2,2,32,00000001000000101100100000000000
frame3,3,32,00000000000010000101000010000000
frame4,4,32,01000000000000100000000010000001
frame5,5,32,00000010000001000000000000000001
frame6,6,32,00001100000000010000100000000000
frame7,7,32,01101000000100100100010000000000
frame8,8,32,00000110110000000001001000000000
frame9,9,32,00100001000100000000001000010001
frame10,10,32,00010011000000000110001100001110
frame11,11,32,11000001100000000000011100000000
frame12,12,32,00000000000000100000000000010010
frame13,13,32,00000011001001110001000001000000
frame14,14,32,01101010010000001110110000000000
frame15,15,32,01000100000000000110100011000010
frame16,16,32,00000100000000101001000000010000
frame17,17,32,00000000000001001010010000001000
frame18,18,32,00000000000001011000000000000000
frame19,19,32,00000000000000001110000000000000

X9Y2,LUT4AB,9,2
frame0,0,32,00000000010000010001010000000000
frame1,1,32,00000001000000000101100100100000
frame2,2,32,00000001001110001010000000110000
frame3,3,32,00000000000001001100000000010000
frame4,4,32,00000100000100000000010000001100
frame5,5,32,00000000000000001000000000000000
frame6,6,32,00000000000000000000000000000000
frame7,7,32,11100000000001010100100000001000
frame8,8,32,10000000000000000110001000000000
frame9,9,32,00001000000000000000001100000000
frame10,10,32,00000000000000000001000001110001
frame11,11,32,00000000000000000000000000001010
frame12,12,32,10001000000000000000010001001000
frame13,13,32,10010000000000001100000010010000
frame14,14,32,00010000000100000000000101000000
frame15,15,32,00000000100001100000000000000100
frame16,16,32,00110001100000000000000000000000
frame17,17,32,00010001000111000000000000000000
frame18,18,32,00000010101001110011000000000000
frame19,19,32,00000000000000001110100011000000

X10Y2,LUT4AB,10,2
frame0,0,32,00000000100000000000001100010000
frame1,1,32,00000000000001100110011000000000
frame2,2,32,00000000101001000000000000100000
frame3,3,32,00000010000000100000110001110010
frame4,4,32,01000000000010000001000000101100
frame5,5,32,10000000000000100000000000010000
frame6,6,32,00000000100000001001000100000000
frame7,7,32,00010101000100010001000100000000
frame8,8,32,00100000000100001001000000000000
frame9,9,32,00000010000100000000000000000001
frame10,10,32,10000000000000000010000000110000
frame11,11,32,00000000010000000001010100100101
frame12,12,32,01010000000000100000000101110010
frame13,13,32,00000001000001110000000110001101
frame14,14,32,01010000010000010000000000100000
frame15,15,32,01010000000001100010100000000001
frame16,16,32,01000000100000001111000001110000
frame17,17,32,00110001100101000000000000000000
frame18,18,32,00001010000001001000000000000000
frame19,19,32,00000000000000000000010000000000

X11Y2,AXI_M_IO_E_4,11,2
frame0,0,32,00000000000000100000000000000000
frame1,1,32,00000000000000000000000000000000
frame2,2,32,00000000000000000000000000000000
frame3,3,32,00000000000000000000000000000000
frame4,4,32,00000000000000000000000000110000
frame5,5,32,00000011000000000000000000000000
frame6,6,32,00000000000001000000000000000100
frame7,7,32,00000100000000000000000000000010
frame8,8,32,00000000000000000000000000000000
frame9,9,32,00000000000000000000000000000000
frame10,10,32,00000000000000000000000000000000
frame11,11,32,00000000000000000000000000000000
frame12,12,32,00000000000000000000000000000000
frame13,13,32,00000000000000000000000000000000
frame14,14,32,00000000000000000000000000000000
frame15,15,32,00000000000000000000000000000000
frame16,16,32,00000000000000000000000000000000
frame17,17,32,00000000000000000000000000000000
frame18,18,32,00000000000000000000000000000000
frame19,19,32,00000000000000000000000000000000

X0Y1,W_IO,0,1
frame0,0,32,11000011100001000000000000000000
frame1,1,32,00000000000000000000000000000000
frame2,2,32,00000000000000000000000000000000
frame3,3,32,00000000000000000000000000000000
frame4,4,32,00000000000000000000000000000000
frame5,5,32,00000000000000000000000000000000
frame6,6,32,00000000000000000000000000000000
frame7,7,32,00000000000000000000000000000000
frame8,8,32,00000000000000000000000000000000
frame9,9,32,00000000000000000000000000000000
frame10,10,32,00000000000000000000000000000000
frame11,11,32,00000000000000000000000000000000
frame12,12,32,00000000000000000000000000000000
frame13,13,32,00000000000000000000000000000000
frame14,14,32,00000000000000000000000000000000
frame15,15,32,00000000000000000000000000000000
frame16,16,32,00000000000000000000000000000000
frame17,17,32,00000000000000000000000000000000
frame18,18,32,00000000000000000000000000000000
frame19,19,32,00000000000000000000000000000000

X1Y1,LUT4AB,1,1
frame0,0,32,00000000000000000000000000000000
frame1,1,32,00000000000000000000000000000000
frame2,2,32,00000000000000000000000000000000
frame3,3,32,01000000000000010100000000000000
frame4,4,32,00000000000100000000000000000000
frame5,5,32,00000000000000000000000000000000
frame6,6,32,00000100000000010000000000000000
frame7,7,32,00000000000100000000000000000010
frame8,8,32,00000000100000000000000000000000
frame9,9,32,00000000000000000000000000000000
frame10,10,32,00000000000000000000000000000000
frame11,11,32,00000001000000000000000001000000
frame12,12,32,00000000000000000000000000000000
frame13,13,32,00000000000001110000000000000000
frame14,14,32,00000000000001000000000000010000
frame15,15,32,00000001000000000000000000000100
frame16,16,32,00100001000000000000000000000000
frame17,17,32,00000000000000000000000000000000
frame18,18,32,00000000000000000000000000000000
frame19,19,32,00000000000000000000000000000000

X2Y1,LUT4AB,2,1
frame0,0,32,00000000000000000000000001000000
frame1,1,32,00000011000000001000000000000100
frame2,2,32,00000001001000010100000000000000
frame3,3,32,00000011001010000000000000100010
frame4,4,32,00000000011000001001000000110000
frame5,5,32,00000000000010000100000000000001
frame6,6,32,01000000000000000000000000000000
frame7,7,32,01101000000000000010001000000011
frame8,8,32,00010100000000000100011110000000
frame9,9,32,01100000000000011000000000000100
frame10,10,32,00100000000000010000000001001100
frame11,11,32,00100000000010000100000000000000
frame12,12,32,00000000000010100100110000010001
frame13,13,32,00000001000110000111000000100010
frame14,14,32,00100000010000000000010010000000
frame15,15,32,00001001101000001101001000010001
frame16,16,32,00100110000110111100001011001000
frame17,17,32,00010010011001010011100100000000
frame18,18,32,00001101001000010010000000000000
frame19,19,32,00000000000000000000011100100100

X3Y1,LUT4AB,3,1
frame0,0,32,00000000000000000000000000000000
frame1,1,32,00000001100000000000000000000000
frame2,2,32,00000000100000000010000000000000
frame3,3,32,00000100010000101100000000000000
frame4,4,32,00000000000000000100010000000100
frame5,5,32,00000000000010000001000000000000
frame6,6,32,00000000000010000000000000000001
frame7,7,32,00000001000001000000000000000000
frame8,8,32,00100000000000000100000000000000
frame9,9,32,00000000000001000000010000000000
frame10,10,32,10100000000000010001000100001000
frame11,11,32,00000000000000000000000000000000
frame12,12,32,00000000000000000000000000100001
frame13,13,32,00000001001000000000000000001010
frame14,14,32,00000000000011001000110000100000
frame15,15,32,00000001100111100000000010000000
frame16,16,32,00110001110010000000000000000000
frame17,17,32,00110000100000000101000000000000
frame18,18,32,00011110000000100000000001011000
frame19,19,32,00000000000000000110000000000000

X4Y1,LUT4AB,4,1
frame0,0,32,00000000000000000000000000000000
frame1,1,32,00000000000000000010000000000000
frame2,2,32,00000000011000000000000000010000
frame3,3,32,00000001000000000000000000010000
frame4,4,32,00000000000000100100100000000100
frame5,5,32,10000000000000000000000000000000
frame6,6,32,00001000000000000101001000000000
frame7,7,32,00010000000001000000000100000000
frame8,8,32,00000000000000000100001000000000
frame9,9,32,00001000000000000000000011000000
frame10,10,32,00000000000000000000000000000000
frame11,11,32,00000000000000110000000100000000
frame12,12,32,00000000000000000000000000100000
frame13,13,32,00000001000000000000000000000000
frame14,14,32,00000000000000000000000000000000
frame15,15,32,00010000000000000000000000000000
frame16,16,32,00000000000000000010000000000000
frame17,17,32,00000000000000000010000000000000
frame18,18,32,00000000000000011001000000000000
frame19,19,32,00000000000000000000010000000000

X5Y1,LUT4AB,5,1
frame0,0,32,00000000000000000000000000000000
frame1,1,32,00000000000000000000000000000000
frame2,2,32,00000000000000000000000000000000
frame3,3,32,00000000000000000000000000000000
frame4,4,32,00000000000000000000000000000000
frame5,5,32,00000000000000000000000000000000
frame6,6,32,00010000000000000000000000000000
frame7,7,32,00000000000000000000000000000000
frame8,8,32,00000000000000000000000000000000
frame9,9,32,00000000000000000000000000000000
frame10,10,32,00000000000000000000000000000000
frame11,11,32,00000000000000000000000000000000
frame12,12,32,00000000000000000000000000000000
frame13,13,32,00000000000000000000000000000000
frame14,14,32,00000000000000000000000000000000
frame15,15,32,00000000000000000000000000000000
frame16,16,32,00000000000000000000000000000000
frame17,17,32,00000000000000000000000000000000
frame18,18,32,00000000000000000000000000000000
frame19,19,32,00000000000000000000000000000000

X6Y1,LUT4AB,6,1
frame0,0,32,00000000000000000000000000000000
frame1,1,32,00000000000000000000000000000000
frame2,2,32,00000000000000000000000000000000
frame3,3,32,00000000000000000000000000000000
frame4,4,32,00000000000000000000000000000000
frame5,5,32,00000000000000000000000000000000
frame6,6,32,00010000000000000000000000000000
frame7,7,32,00000000000000000000000000000000
frame8,8,32,00000000000000000000000100000000
frame9,9,32,00000000000000001000000000000000
frame10,10,32,00000000100000000000000000000000
frame11,11,32,00000100000000000000000000000000
frame12,12,32,00000001000000000000000000000000
frame13,13,32,00000000000000000000000000000000
frame14,14,32,00000000000000000000000000000000
frame15,15,32,00000000000000000000000000000000
frame16,16,32,00000000000000000000000000000000
frame17,17,32,00000000000000000000000000000000
frame18,18,32,00000000000000000000000000000000
frame19,19,32,00000000000000000000000011000000

X7Y1,LUT4AB,7,1
frame0,0,32,00000000000000000000000000000000
frame1,1,32,00000000000000001000000000000000
frame2,2,32,00000000000000000000000000010000
frame3,3,32,00000000000000000000000000010000
frame4,4,32,00000000010000000000000000000000
frame5,5,32,00000000110000000000000000000000
frame6,6,32,00000000000000000000000000000000
frame7,7,32,00000000000000000000000000000000
frame8,8,32,00000000000000000000110010000000
frame9,9,32,00000000000000000000000000000000
frame10,10,32,00000000000000000000000000000000
frame11,11,32,00000000000000000000000000000000
frame12,12,32,00000000000000000000000000000000
frame13,13,32,00000000000000000000000000000000
frame14,14,32,00000000000000000000000000000000
frame15,15,32,00000000000000000000000000000000
frame16,16,32,00000000000000000000000000000000
frame17,17,32,00000000000000000000000000000000
frame18,18,32,00000000000000000000000000000000
frame19,19,32,00000000000000000000000000000000

X8Y1,LUT4AB,8,1
frame0,0,32,00000000000000000000000000000000
frame1,1,32,00000000000000000000010000000000
frame2,2,32,00000000000001000000000000000000
frame3,3,32,10000000000000010000000000000000
frame4,4,32,00000000000000000000000000000000
frame5,5,32,00000000000000000100000000000000
frame6,6,32,00100000000000000000000000000000
frame7,7,32,00000000000000000010000000000000
frame8,8,32,00000000000000000000001000000000
frame9,9,32,00000000000000000000000000000000
frame10,10,32,00000000000000000000000000000000
frame11,11,32,00000000000000000000000000000000
frame12,12,32,00000000000000000000000000000000
frame13,13,32,00000000000000000000000000000000
frame14,14,32,00000000000000000000000000000000
frame15,15,32,00000000000000000000000000000000
frame16,16,32,00000000000000000000000000000000
frame17,17,32,00000000000000000000000000000000
frame18,18,32,00000000000000000000000000000000
frame19,19,32,00000000000000000000000000000000

X9Y1,LUT4AB,9,1
frame0,0,32,00000000000000100000000000000000
frame1,1,32,00000000000000000000000000000000
frame2,2,32,00000000000000000000000000000000
frame3,3,32,00000000000000000000000000000000
frame4,4,32,00000100000000000000000000000000
frame5,5,32,00000000000000000000000000000000
frame6,6,32,00010000000000000000000000000000
frame7,7,32,00000000000000000000000000000000
frame8,8,32,00000000000000000000000000000000
frame9,9,32,00000000000000000000000000000000
frame10,10,32,00000000000000000000000000000000
frame11,11,32,00000000000000000000000000000000
frame12,12,32,00000000000000000000000000000000
frame13,13,32,00000000000000000000000000000000
frame14,14,32,00000000000000000000000000000000
frame15,15,32,00000000000000000000000000000000
frame16,16,32,00000000000000000000000000000000
frame17,17,32,00000000000000000000000000000000
frame18,18,32,00000000000000000000000000000000
frame19,19,32,00000000000000000000000000000000

X10Y1,LUT4AB,10,1
frame0,0,32,00000000000000000000000000000000
frame1,1,32,00000000000000000000000000000000
frame2,2,32,00000000010000000000000000000000
frame3,3,32,00000000000000000000000000000000
frame4,4,32,00000000000000000000000000000000
frame5,5,32,00000000000000000000000000000000
frame6,6,32,00000000000000000000000000000000
frame7,7,32,00000000000000000000000000000000
frame8,8,32,00000000000000000000000000000000
frame9,9,32,00000000000000000000000000000000
frame10,10,32,00000000000000000000000000000000
frame11,11,32,00000000000000000000000000000000
frame12,12,32,00000000000000000000000000000000
frame13,13,32,00000000000000000000000000000000
frame14,14,32,00000000000000000000000000000000
frame15,15,32,00000000000000000000000000000000
frame16,16,32,00000000000000000000000000000000
frame17,17,32,00000000000000000000000000000000
frame18,18,32,00000000000000000000000000000000
frame19,19,32,00000000000000000000000000000000

X11Y1,AXI_M_IO_E_5,11,1
frame0,0,32,00000000000000000000000000000000
frame1,1,32,00000000000000000000000000000000
frame2,2,32,00000000000000000000000000000000
frame3,3,32,00000000000000000000000000000000
frame4,4,32,00000000000000000000000000000000
frame5,5,32,00000000000000000000000000000000
frame6,6,32,00000000000000000000000000110000
frame7,7,32,00000000000000000000000000000000
frame8,8,32,00000000000000000000000000000000
frame9,9,32,00000000000000000000000000000000
frame10,10,32,00000000000000000000000000000000
frame11,11,32,00000000000000000000000000000000
frame12,12,32,00000000000000000000000000000000
frame13,13,32,00000000000000000000000000000000
frame14,14,32,00000000000000000000000000000000
frame15,15,32,00000000000000000000000000000000
frame16,16,32,00000000000000000000000000000000
frame17,17,32,00000000000000000000000000000000
frame18,18,32,00000000000000000000000000000000
frame19,19,32,00000000000000000000000000000000

