X0Y10,W_IO,0,10
frame0,0,32,11000001100110000000000000000000
frame1,1,32,00110000000000110000000000000000
frame2,2,32,00000000000000000000000000000000
frame3,3,32,00000000000000000000000000000000
frame4,4,32,00000000000000000000000000000000
frame5,5,32,00000000000000000000000000000000
frame6,6,32,00000000000000000000000000000000
frame7,7,32,00000000000000000000000000000000
frame8,8,32,00000000000000000000000000000000
frame9,9,32,00000000000000000000000000000000
frame10,10,32,00000000000000000000000000000000
frame11,11,32,00000000000000000000000000000000
frame12,12,32,00000000000000000000000000000000
frame13,13,32,00000000000000000000000000000000
frame14,14,32,00000000000000000000000000000000
frame15,15,32,00000000000000000000000000000000
frame16,16,32,00000000000000000000000000000000
frame17,17,32,00000000000000000000000000000000
frame18,18,32,00000000000000000000000000000000
frame19,19,32,00000000000000000000000000000000

X1Y10,LUT4AB,1,10
frame0,0,32,00000000000000000000000000000000
frame1,1,32,00000000001100000000000000000000
frame2,2,32,00000100000000000000000000000000
frame3,3,32,00000000000000000000000000000000
frame4,4,32,00000000001000000000000000000000
frame5,5,32,00000000000010000000000000000000
frame6,6,32,00000000000000000000000000000000
frame7,7,32,00000000000000010000000010000000
frame8,8,32,00000000000000001010000000000000
frame9,9,32,00000000000000000000000000000000
frame10,10,32,00000000000000000000000000000000
frame11,11,32,00000000000000000000000000000000
frame12,12,32,00000000000000000000000000000000
frame13,13,32,00000000001000000000000000000000
frame14,14,32,00000000000011000000000000000000
frame15,15,32,00000001100111100000000000000000
frame16,16,32,00110001110000000000000000000000
frame17,17,32,00110000100000000000000000000000
frame18,18,32,00000000000000000000000000000000
frame19,19,32,00000000000000000000000000000000

X2Y10,LUT4AB,2,10
frame0,0,32,00000000000000001000000000000000
frame1,1,32,00000000000000000000000000000000
frame2,2,32,00000000000000000000000000000000
frame3,3,32,00000000000000000000000010000000
frame4,4,32,00000000000000000000000000000000
frame5,5,32,00000000000000000000000000000000
frame6,6,32,00000000000000000000000000000000
frame7,7,32,00000000000000000000000000000000
frame8,8,32,01000000000001000000000000000000
frame9,9,32,00000000000000000000000000000000
frame10,10,32,00000000000000000000000000000000
frame11,11,32,00000000000000000000000000000000
frame12,12,32,00000000000000000000000000000000
frame13,13,32,00000000000000000000000000000000
frame14,14,32,00000000000000000000000000000000
frame15,15,32,00000000000000000000000000000000
frame16,16,32,00000000000000000000000000000000
frame17,17,32,00000000000000000000000000000000
frame18,18,32,00000000000000000000000000000000
frame19,19,32,00000000000000010000000000000000

X3Y10,LUT4AB,3,10
frame0,0,32,00000000000000000000000000000000
frame1,1,32,00000000000000000000000010000000
frame2,2,32,00000000000000000000000000000000
frame3,3,32,00000000000000000000000100000000
frame4,4,32,00000000000000000000000100000000
frame5,5,32,00000000000000000000000000000000
frame6,6,32,00000000000000000000000000000000
frame7,7,32,00000000000000010000000000000000
frame8,8,32,00000000000000001000000000000000
frame9,9,32,00000000000000000000000000000000
frame10,10,32,00000000000000000000000000000000
frame11,11,32,00000000000000000000000000000000
frame12,12,32,00000000000000000000000000000000
frame13,13,32,00000000000000000000000000000000
frame14,14,32,00000000000000000000000000000000
frame15,15,32,00000000000000000000000000000000
frame16,16,32,00000000000000000000000000000000
frame17,17,32,00000000000000000000000000000000
frame18,18,32,00000000000000000000000000000000
frame19,19,32,00000000000000000000000001000000

X4Y10,LUT4AB,4,10
frame0,0,32,00000000000000000000000000000000
frame1,1,32,00000000000000000000000000000000
frame2,2,32,00000000000001000000000000000000
frame3,3,32,00000000000000000000000000000000
frame4,4,32,00000000000000000000000000000000
frame5,5,32,00000000000000000000000000000000
frame6,6,32,00000000000000000000000000000000
frame7,7,32,00000000000000000000000000000000
frame8,8,32,00000000000000000000000000000000
frame9,9,32,00000000000000000000000000000000
frame10,10,32,00000000000000000000000000000000
frame11,11,32,00000000000000000000000000000000
frame12,12,32,00000000000000000000000000000000
frame13,13,32,00000000000000000000000000000000
frame14,14,32,00000000000000000000000000000000
frame15,15,32,00000000000000000000000000000000
frame16,16,32,00000000000000000000000000000000
frame17,17,32,00000000000000000000000000000000
frame18,18,32,00000000000000000000000000000000
frame19,19,32,00000000000010000000000000000000

X5Y10,LUT4AB,5,10
frame0,0,32,00000000000000001000000000000000
frame1,1,32,00000000000000000000000000000000
frame2,2,32,00000000000000000000000000000000
frame3,3,32,00000000000000000000000000000000
frame4,4,32,00000000000000000010000000000000
frame5,5,32,00000000000000000000000000000000
frame6,6,32,00000000000000000000000000000000
frame7,7,32,00000000000000000000000000000000
frame8,8,32,01000000000000000000000000000000
frame9,9,32,00000000000000000000000000000000
frame10,10,32,00000000000000000000000000000000
frame11,11,32,00000000000000000000000000000000
frame12,12,32,00000000000000000000000000000000
frame13,13,32,00000000000000000000000000000000
frame14,14,32,00000000000000000000000000000000
frame15,15,32,00000000000000000000000000000000
frame16,16,32,00000000000000000000000000000000
frame17,17,32,00000000000000000000000000000000
frame18,18,32,00000000000000000000000000000000
frame19,19,32,00000000000000010000000000000000

X6Y10,LUT4AB,6,10
frame0,0,32,00000000000000000000001000000000
frame1,1,32,00000000000000110000000000000000
frame2,2,32,00000000000000000000010000000000
frame3,3,32,00000000000000000000000000000000
frame4,4,32,00000000000000000000100000000000
frame5,5,32,00000000000000000000000000000000
frame6,6,32,00000000000000000000000000000000
frame7,7,32,00000000000000000000000000001000
frame8,8,32,00000000000000000000000000000000
frame9,9,32,00000000000000000000000000000000
frame10,10,32,00000000000000000000000000000000
frame11,11,32,00000000000000000010000000000000
frame12,12,32,00000000000000000000000000000000
frame13,13,32,00000000000000000000000000000000
frame14,14,32,00000000000000000000000000000000
frame15,15,32,00000000000000000000000000000000
frame16,16,32,00000000000000000000000000000000
frame17,17,32,00000000000000000000000000000000
frame18,18,32,00000000000000000000000000000000
frame19,19,32,00000000000000110000000000000000

X7Y10,LUT4AB,7,10
frame0,0,32,00000000000000001000100100000000
frame1,1,32,00000000000000000000000100100000
frame2,2,32,00000000000000000100000100000000
frame3,3,32,00000000010000000000000100000000
frame4,4,32,00000000000000000010000100000000
frame5,5,32,10000000000010000000000000000000
frame6,6,32,00000000000000000000000000000000
frame7,7,32,00000000000000000000000000000000
frame8,8,32,00000000000000000000000000000000
frame9,9,32,00000000000000000000000000000000
frame10,10,32,00000000000000000000000000000000
frame11,11,32,00000000000000000000000000000000
frame12,12,32,00000000000000000000000000000000
frame13,13,32,00000000000000000000000000000000
frame14,14,32,00000000000000000000000000000000
frame15,15,32,00000000000000000000000000000000
frame16,16,32,00000000000000000000000000000000
frame17,17,32,00000000000000000000000000000000
frame18,18,32,00000000000000000000000000000000
frame19,19,32,00000000000001100001000000000000

X8Y10,LUT4AB,8,10
frame0,0,32,00000000100000000000000000001000
frame1,1,32,00000000000000000001100000000000
frame2,2,32,00000000000000000000000000000000
frame3,3,32,01000000000000000000000000000000
frame4,4,32,00000100000000000110000000000000
frame5,5,32,10000000000000011000000000000000
frame6,6,32,00000000000000000000000000000000
frame7,7,32,00000000000000000000000000000000
frame8,8,32,00000000000000000000100010000000
frame9,9,32,00000000000000000000000000000000
frame10,10,32,00000000000000000000000000000000
frame11,11,32,00000000000000000010000000000000
frame12,12,32,00000000000000000000000000000000
frame13,13,32,00000000000000000000000000000000
frame14,14,32,00000000000000000000000000000000
frame15,15,32,00000000000000000000000000000000
frame16,16,32,00000000000000000000000000000000
frame17,17,32,00000000000000000000000000000000
frame18,18,32,00000000000000000000000000000000
frame19,19,32,00000000000001100000010000000000

X9Y10,LUT4AB,9,10
frame0,0,32,00000000000000000010100000000000
frame1,1,32,00000010010110000000000100000000
frame2,2,32,00000001001100011100000000100000
frame3,3,32,00000000000001111100000000000010
frame4,4,32,01000000000001000010100000011000
frame5,5,32,00100000001000010000000000000000
frame6,6,32,00001000000000001101000100000000
frame7,7,32,00000000000100000010110000000111
frame8,8,32,00000010000000000000010000000000
frame9,9,32,00000000001000000010000000100000
frame10,10,32,00000000000000000000100000111100
frame11,11,32,00000000000000000010000000000000
frame12,12,32,00000000000010000000000000000000
frame13,13,32,00000000001010000000000000000000
frame14,14,32,00000000001000000000000000000000
frame15,15,32,00000000000100000000000000000000
frame16,16,32,00000000010000000000000000000000
frame17,17,32,00100000100000000000000000000000
frame18,18,32,00000000000000000000000000000000
frame19,19,32,00000000000001011001110010000000

X10Y10,LUT4AB,10,10
frame0,0,32,00000000000000011000100000011010
frame1,1,32,00000000100110111001111010001000
frame2,2,32,00000001111111000110100100110000
frame3,3,32,01001000000001000110100001110010
frame4,4,32,00000010111000111101000000001100
frame5,5,32,10000000001001000001000001000001
frame6,6,32,00000000110001010000000100010000
frame7,7,32,01100000000010011000000010000100
frame8,8,32,00000000000110010000011100000000
frame9,9,32,01001000000011001010001100001000
frame10,10,32,00110000000100001000000001001001
frame11,11,32,11100001000001000100000000000000
frame12,12,32,10001100001000100001000001100100
frame13,13,32,10010010011001010001000011010001
frame14,14,32,00111111010000000000110100010000
frame15,15,32,00100000000000000001110110011000
frame16,16,32,01000000000000001101000000000000
frame17,17,32,00010010000100000000000000000000
frame18,18,32,00100000000000000000001001110000
frame19,19,32,00000001100000100101110001000100

X11Y10,AXIL_S_IO_E_0,11,10
frame0,0,32,00100000010100110000000000110011
frame1,1,32,00000010000000000000000010111010
frame2,2,32,11111111000000000000000000000000
frame3,3,32,10000000000000000000000000000000
frame4,4,32,00011000010000010100010000000100
frame5,5,32,00010001111111110000000000000000
frame6,6,32,00000010000000000010000000000000
frame7,7,32,00000101000000111100000000000000
frame8,8,32,00000000000000000000000000000000
frame9,9,32,00000000000000000000000000000000
frame10,10,32,00000000000000000000000000000000
frame11,11,32,00000000000000000000000000000000
frame12,12,32,00000000000000000000000000000000
frame13,13,32,00000000000000000000000000000000
frame14,14,32,00000000000000000000000000000000
frame15,15,32,00000000000000000000000000000000
frame16,16,32,00000000000000000000000000000000
frame17,17,32,00000000000000000000000000000000
frame18,18,32,00000000000000000000000000000000
frame19,19,32,00000000000000000000000000000000

X0Y9,W_IO,0,9
frame0,0,32,11000101100111000000000000000000
frame1,1,32,00000000000000000000000000000000
frame2,2,32,00000000000000000000000000000000
frame3,3,32,00000000000000000000000000000000
frame4,4,32,00000000000000000000000000000000
frame5,5,32,00000000000000000000000000000000
frame6,6,32,00000000000000000000000000000000
frame7,7,32,00000000000000000000000000000000
frame8,8,32,00000000000000000000000000000000
frame9,9,32,00000000000000000000000000000000
frame10,10,32,00000000000000000000000000000000
frame11,11,32,00000000000000000000000000000000
frame12,12,32,00000000000000000000000000000000
frame13,13,32,00000000000000000000000000000000
frame14,14,32,00000000000000000000000000000000
frame15,15,32,00000000000000000000000000000000
frame16,16,32,00000000000000000000000000000000
frame17,17,32,00000000000000000000000000000000
frame18,18,32,00000000000000000000000000000000
frame19,19,32,00000000000000000000000000000000

X1Y9,LUT4AB,1,9
frame0,0,32,00000000000000000000100001101000
frame1,1,32,00000011001100000000000010000000
frame2,2,32,00000000000000001000001000000000
frame3,3,32,01000010000100000000100000000000
frame4,4,32,00000000000000000011111000001100
frame5,5,32,00000000000000000011000000010000
frame6,6,32,00000000000010000000111110000000
frame7,7,32,00101000010101010101000000001111
frame8,8,32,00000000000000000000000000000100
frame9,9,32,00100000000000011000000100111000
frame10,10,32,00000000000001000000000000000000
frame11,11,32,00000001000110110010000000010000
frame12,12,32,00000000000010010000000000100000
frame13,13,32,00000000000000001000000000000000
frame14,14,32,00000000000001001000000000010000
frame15,15,32,00000001100000100110000001000011
frame16,16,32,00000100000000000000000000000100
frame17,17,32,00000000000000000000000011111000
frame18,18,32,00100000000000000000111011111000
frame19,19,32,00000000000000001000011101001000

X2Y9,LUT4AB,2,9
frame0,0,32,00000000000000000010100101000000
frame1,1,32,00000000010010100000000100100000
frame2,2,32,00000001100100000010001000110000
frame3,3,32,00000000000000000100000010000010
frame4,4,32,00000000000110000101010000001101
frame5,5,32,00000110000000000000000000000000
frame6,6,32,01000000000000100000000000000000
frame7,7,32,10000000000100100000100000000011
frame8,8,32,10010000000000010000000000000000
frame9,9,32,00000000001000000000000000110100
frame10,10,32,00000000000100001000110000101100
frame11,11,32,00000000100110001010000010100110
frame12,12,32,00000100000010000000111010100000
frame13,13,32,00000000000000100000000001000000
frame14,14,32,00000010011000000000100000010000
frame15,15,32,00100000000100000000000000000100
frame16,16,32,00000000010000000111000000110000
frame17,17,32,00000000000000000000000100000000
frame18,18,32,00000000000001000010010000110000
frame19,19,32,00000000000000000001001100000000

X3Y9,LUT4AB,3,9
frame0,0,32,00000000000001000001000000010000
frame1,1,32,00000001000000001000000000000000
frame2,2,32,10000011010000001010100000010000
frame3,3,32,00000101000000010000100000010000
frame4,4,32,00000000000000000000000000100000
frame5,5,32,10000000001100000000000000000001
frame6,6,32,00000000000101100101000101000000
frame7,7,32,00000000000000011000000000000000
frame8,8,32,00000000000000000010000010100100
frame9,9,32,00000000000010100000001111010001
frame10,10,32,00110000000000100011000010000000
frame11,11,32,00000010000000110000000110100010
frame12,12,32,00000100000000000000000000000010
frame13,13,32,00000000001000000001010001000000
frame14,14,32,01000010000011100010110001010000
frame15,15,32,01000001000000110100000001000000
frame16,16,32,01100001110100000000000010010100
frame17,17,32,00000110010100001000010011111000
frame18,18,32,00101011111000000000111010010000
frame19,19,32,00000000000001100010000000010000

X4Y9,LUT4AB,4,9
frame0,0,32,00000000000000001000000010000001
frame1,1,32,00000000000011000000010010000000
frame2,2,32,00000001000000110000100000000000
frame3,3,32,00000000010110000000000000000000
frame4,4,32,10000100001000000110000010000001
frame5,5,32,00000000000010000000000000000001
frame6,6,32,10000000000010100000000000000000
frame7,7,32,00000000000011000000000000001010
frame8,8,32,00000000000000000000000000000010
frame9,9,32,00000000000100000000001000101000
frame10,10,32,00000000000001000000000100001100
frame11,11,32,00000000000000000010000000100000
frame12,12,32,00000000000000000000000000000000
frame13,13,32,00001100000000000100100000000000
frame14,14,32,00001000000100001000000000000000
frame15,15,32,00001000000000000000000001000000
frame16,16,32,00000000000000000000000001010100
frame17,17,32,00000000000000000000001101101000
frame18,18,32,00000000000000000000010000100000
frame19,19,32,00000000000010000000010000000000

X5Y9,LUT4AB,5,9
frame0,0,32,00000000000000000000000000000000
frame1,1,32,00000000011100000000000000000000
frame2,2,32,00000000000000000000010000000000
frame3,3,32,00000000000000000000000000000000
frame4,4,32,00000000000000000000100000000000
frame5,5,32,00000000000000000000000000010000
frame6,6,32,00001000000000000000100000000000
frame7,7,32,00000000000000000100000000000000
frame8,8,32,00000000000000001010000000000000
frame9,9,32,00000100000001000000000000000000
frame10,10,32,00000000000000000000000000000000
frame11,11,32,00000000000000000000000000000000
frame12,12,32,00000000000000000000000000000000
frame13,13,32,00000000000000000000000000000000
frame14,14,32,00000000000000000000000000000000
frame15,15,32,00000000000000000000000000000000
frame16,16,32,00000000000000000000000000000000
frame17,17,32,00000000000000000000000000000000
frame18,18,32,00000000000000000000000000000000
frame19,19,32,00000000000000000111101100000000

X6Y9,LUT4AB,6,9
frame0,0,32,00000000000000000000001000000000
frame1,1,32,00000000000000010000000000000000
frame2,2,32,00000000000000000000000000000000
frame3,3,32,00000000000100000000000000000000
frame4,4,32,00000000000000000000000000000000
frame5,5,32,00000000000000000000000000000000
frame6,6,32,00000000000000000000000000000000
frame7,7,32,00000000000000000000000000000000
frame8,8,32,00000000000000000000000000000000
frame9,9,32,00000100000100010000000000000000
frame10,10,32,00000000000000000000000000000000
frame11,11,32,00000000100000000000000000000000
frame12,12,32,00000000000000000000000000000000
frame13,13,32,00000000001000000000000000000000
frame14,14,32,00000000000000000000000000000000
frame15,15,32,00000000000000000000000000000000
frame16,16,32,00000000000000000000000000000000
frame17,17,32,00000000000000000000000000000000
frame18,18,32,00000000000000000000000000000000
frame19,19,32,00000000000000100000000000000000

X7Y9,LUT4AB,7,9
frame0,0,32,00000000000000001100000000000000
frame1,1,32,00000001000000000000011000000000
frame2,2,32,00000001000001011000010000000000
frame3,3,32,00000000000010010000000010000010
frame4,4,32,00000100000000000010110010000000
frame5,5,32,10000010000100111000000001000000
frame6,6,32,01001000101010001000100010000000
frame7,7,32,01101000100101010001100000000000
frame8,8,32,01010000100000000000000000000000
frame9,9,32,11000000000001000000000000001000
frame10,10,32,00000000000011110101100000100001
frame11,11,32,00100000000001000001100000010100
frame12,12,32,00001000100000111100000000011100
frame13,13,32,00010000000001111000000001100011
frame14,14,32,00000000010000100010000000000010
frame15,15,32,00000000000000000100000000000011
frame16,16,32,00000000000000000001000000000000
frame17,17,32,00000000000000000000000000000000
frame18,18,32,00100000000000000000000000000000
frame19,19,32,00000000000001111000000000000000

X8Y9,LUT4AB,8,9
frame0,0,32,00000001100000000010000001000000
frame1,1,32,00000000000000110010100000000000
frame2,2,32,00000000100101011000100000100000
frame3,3,32,00000010000010000111000010000000
frame4,4,32,00000000000000000000010100111100
frame5,5,32,00000010100000000010000000000100
frame6,6,32,10000000000001000101100000100000
frame7,7,32,10001010100110001011100000001000
frame8,8,32,10100011000000001000000100000000
frame9,9,32,00100010000110010001101111100000
frame10,10,32,10110000000000000000000100000110
frame11,11,32,00000000100000000110000001000011
frame12,12,32,00000010000010000000000000000000
frame13,13,32,10000000100010100000000001010000
frame14,14,32,00000000010000000010000110000110
frame15,15,32,00000000000100000010000010000111
frame16,16,32,00000100000000000000000000000000
frame17,17,32,00000001000000000000000000000000
frame18,18,32,00100011011000000000000011011000
frame19,19,32,00000000000000010000011110110000

X9Y9,LUT4AB,9,9
frame0,0,32,00000000000000110000000010000000
frame1,1,32,00000010011100011001111010001000
frame2,2,32,00000001010001001001100001010000
frame3,3,32,00000001000000101100000000010000
frame4,4,32,00100010000000000000000010101001
frame5,5,32,10100001011000011011000000100001
frame6,6,32,00000101010001011100000100010000
frame7,7,32,11110100000000011000001010000101
frame8,8,32,10000010100100000001111001100000
frame9,9,32,10010100000111000000000000000001
frame10,10,32,00010000000000001010000011110000
frame11,11,32,11000000000000000100000010000010
frame12,12,32,00000110000000000000001000000110
frame13,13,32,00000000000000000000000011110000
frame14,14,32,00001011000010000000000000001000
frame15,15,32,00101000000001110010000000000100
frame16,16,32,01011100000000000100000001000000
frame17,17,32,00000011000000000000000010000000
frame18,18,32,00101000100000000000000000000000
frame19,19,32,00000000000000000001101101000000

X10Y9,LUT4AB,10,9
frame0,0,32,00000000100000001000101010001000
frame1,1,32,00000010000110100000000110000000
frame2,2,32,00000000100000010000000100000000
frame3,3,32,00000000011000001100100010000000
frame4,4,32,00000010000000000000100101000000
frame5,5,32,10000100001010001001000010011000
frame6,6,32,00011000000100000000000100000000
frame7,7,32,10000000111010110000001010100000
frame8,8,32,11000000000000001010000010000000
frame9,9,32,00000100010100010100100000000000
frame10,10,32,00000101001000000001000000000000
frame11,11,32,00000011010000000110000000000000
frame12,12,32,00000000000000000000000001000000
frame13,13,32,00000000000000000000001010000000
frame14,14,32,00000000000010000000000111010000
frame15,15,32,00000000000110000000000000100000
frame16,16,32,00000000010000000000000000000000
frame17,17,32,00000010000000000000000000000000
frame18,18,32,00000000001000000000000000000000
frame19,19,32,00000000000110000001000111000000

X11Y9,AXIL_S_IO_E_1,11,9
frame0,0,32,00000000001100001110110000100011
frame1,1,32,00000000000000000000000011110101
frame2,2,32,00111101111111110000000000000000
frame3,3,32,00000100010000000000000000010101
frame4,4,32,00010100000000000100000000000001
frame5,5,32,00000000001111000000000000000000
frame6,6,32,00000000101000100010000000000000
frame7,7,32,00000011000000010000010000000000
frame8,8,32,00000000000000000000000000000000
frame9,9,32,00000000000000000000000000000000
frame10,10,32,00000000000000000000000000000000
frame11,11,32,00000000000000000000000000000000
frame12,12,32,00000000000000000000000000000000
frame13,13,32,00000000000000000000000000000000
frame14,14,32,00000000000000000000000000000000
frame15,15,32,00000000000000000000000000000000
frame16,16,32,00000000000000000000000000000000
frame17,17,32,00000000000000000000000000000000
frame18,18,32,00000000000000000000000000000000
frame19,19,32,00000000000000000000000000000000

X0Y8,W_IO,0,8
frame0,0,32,11011011100100000000000000000000
frame1,1,32,00100000000000000000001100000010
frame2,2,32,00000000000000000000000000000010
frame3,3,32,00000000000000000000000000000000
frame4,4,32,00000000000000000000000000000000
frame5,5,32,00000000000000000000000000000000
frame6,6,32,00000000000000000000000000000000
frame7,7,32,00000000000000000000000000000000
frame8,8,32,00000000000000000000000000000000
frame9,9,32,00000000000000000000000000000000
frame10,10,32,00000000000000000000000000000000
frame11,11,32,00000000000000000000000000000000
frame12,12,32,00000000000000000000000000000000
frame13,13,32,00000000000000000000000000000000
frame14,14,32,00000000000000000000000000000000
frame15,15,32,00000000000000000000000000000000
frame16,16,32,00000000000000000000000000000000
frame17,17,32,00000000000000000000000000000000
frame18,18,32,00000000000000000000000000000000
frame19,19,32,00000000000000000000000000000000

X1Y8,LUT4AB,1,8
frame0,0,32,00000000000110001001101111000000
frame1,1,32,00001000100000011110000010100000
frame2,2,32,10000001100010000101100100010000
frame3,3,32,00000011000111000010100010010010
frame4,4,32,10000000010001000000010100001000
frame5,5,32,01000000100000000000000001100000
frame6,6,32,11000000000010000000000010000000
frame7,7,32,00001100000001001011100000000000
frame8,8,32,00010100000000000100011100000000
frame9,9,32,00100000000000011000000011000000
frame10,10,32,00110000000100000000000011110011
frame11,11,32,00000001000000000000000001011000
frame12,12,32,00000000000010100001110011000000
frame13,13,32,00000000000010000111011010100000
frame14,14,32,01100000010101000000110001000000
frame15,15,32,00000001101000101101001000000000
frame16,16,32,00100100000010111100001011001000
frame17,17,32,00010110000001010011100100000000
frame18,18,32,00000000011000010010000000000000
frame19,19,32,00000000000000100010101011100000

X2Y8,LUT4AB,2,8
frame0,0,32,00000001100000000000000010100000
frame1,1,32,00000000100000001010100000000000
frame2,2,32,00000000000001100000001000100000
frame3,3,32,00000011100010000000100000010010
frame4,4,32,10100000010110101010111010001000
frame5,5,32,00000001100000000110010001000100
frame6,6,32,11001000000000110100101001000001
frame7,7,32,01100100000101111100000100001000
frame8,8,32,01010000000000010001000000110000
frame9,9,32,11011000001010011000001100001101
frame10,10,32,00000000000001001011000000000011
frame11,11,32,11100000000100101110001001011001
frame12,12,32,00001010000000110001100110000110
frame13,13,32,00010000001001111000000000100001
frame14,14,32,00001001010111000000000001110110
frame15,15,32,01001100000110010011100000010100
frame16,16,32,01110001110100000001011111000000
frame17,17,32,00110110100000001001111000000000
frame18,18,32,00100000000000111001110001100000
frame19,19,32,00000000000000000000011100000000

X3Y8,LUT4AB,3,8
frame0,0,32,00000001100000000010110100010000
frame1,1,32,00000010000000001001001100000000
frame2,2,32,00000001010010110110010100010000
frame3,3,32,00000010000100000100000000010000
frame4,4,32,10000000010000100110010010000000
frame5,5,32,10000000000100000000000000000001
frame6,6,32,11000000000000000010011100000000
frame7,7,32,01110100000001001001011000000001
frame8,8,32,00010000000000010100100000000000
frame9,9,32,00010000000010000000000000000100
frame10,10,32,00000000000010100010000000101011
frame11,11,32,00000001100010001010000001010010
frame12,12,32,00000010000011110111110001000000
frame13,13,32,00000001000000111011011011000000
frame14,14,32,01000000000010000000000001001000
frame15,15,32,00011000111010101101001000000000
frame16,16,32,00100111000110111100001011001000
frame17,17,32,00100010111001010011100100000000
frame18,18,32,00001101001000010010000000000000
frame19,19,32,00000000000000011001000000110000

X4Y8,LUT4AB,4,8
frame0,0,32,00000000000000001000000010001000
frame1,1,32,00000001101100010000001010100100
frame2,2,32,00000000000000001111101000100000
frame3,3,32,00000010000100010010000001000000
frame4,4,32,00000100010010000011010000110001
frame5,5,32,01000010000000000010000000010001
frame6,6,32,00001100000010101000001110001000
frame7,7,32,10110000000001000010000000000010
frame8,8,32,11000100100000000000001010000000
frame9,9,32,11000000001000100001100011000000
frame10,10,32,00000000000111000100011000000010
frame11,11,32,00100000000010000000011100001111
frame12,12,32,00000000000000000000100100000001
frame13,13,32,00000101000010000000001001010010
frame14,14,32,01000001010011111110000010001010
frame15,15,32,00010001000111011011100001100101
frame16,16,32,00100001011111101001001001100100
frame17,17,32,00110010111110011001010011111000
frame18,18,32,00011101100000000001111011111000
frame19,19,32,00000000000000000000000000001000

X5Y8,LUT4AB,5,8
frame0,0,32,00000000000000001101111001000000
frame1,1,32,00110000000000000000000010000000
frame2,2,32,00000000000000000000100010010000
frame3,3,32,00000000001000000010010000000000
frame4,4,32,00000000001010000000010010000000
frame5,5,32,00000000000010100000000000000000
frame6,6,32,00000000000001011000000100000000
frame7,7,32,00000000000110100001100000110010
frame8,8,32,01000000000000010011000000000000
frame9,9,32,00000000000000000010001101110000
frame10,10,32,00000000000101000011010000110011
frame11,11,32,00000000000100000000000000000111
frame12,12,32,00000010000000101101011100000100
frame13,13,32,00000001000000010100000100000101
frame14,14,32,00001000010010100100000000000000
frame15,15,32,00001001000000010000000100011010
frame16,16,32,00100001001110110110000000000000
frame17,17,32,00000110011101000111000000000000
frame18,18,32,00011111111001000110110001100000
frame19,19,32,00000000000000010100000101101100

X6Y8,LUT4AB,6,8
frame0,0,32,00000000000000100000001010000000
frame1,1,32,00000000001010010000001000000000
frame2,2,32,00000001000000000000010000000000
frame3,3,32,00000000000000000000000010000000
frame4,4,32,00000000000000000010100100000000
frame5,5,32,00000000000010000000000000001000
frame6,6,32,00001000000000000000000000000000
frame7,7,32,00000000001000000000000000000000
frame8,8,32,00000110000000000000000000000000
frame9,9,32,00000000000000000000000000000000
frame10,10,32,00000000000000000000001000001100
frame11,11,32,00000000000000000010000000000000
frame12,12,32,00000000000000000000000000100000
frame13,13,32,00000000000000000000000000000000
frame14,14,32,00000000000000000100000000000000
frame15,15,32,00010000000000000000000100000000
frame16,16,32,00000000000010010010000000000000
frame17,17,32,00000000000001000001000000000000
frame18,18,32,00000000000001000100000000000000
frame19,19,32,00000000000010101000000100000000

X7Y8,LUT4AB,7,8
frame0,0,32,00000000000000001111000010000011
frame1,1,32,00000000000001000010000010000100
frame2,2,32,00000000001000010010000000110000
frame3,3,32,00000000000100000100000000010000
frame4,4,32,00000000010001000110000000001100
frame5,5,32,00000000000000011000000000010000
frame6,6,32,00010000000000000010100000001000
frame7,7,32,00100100000000001100100000000000
frame8,8,32,01000000000000000000000000001000
frame9,9,32,10010000000110010000010000000000
frame10,10,32,00100000000000000100000110001100
frame11,11,32,00000000000000000100000000000100
frame12,12,32,00000100000000000000010000000000
frame13,13,32,00001001100000000001000001010000
frame14,14,32,00000000000000011110000000000010
frame15,15,32,00001000000000011001110101000010
frame16,16,32,01000000000111111110000001000100
frame17,17,32,00000110000010011111001011111000
frame18,18,32,00000001010000100110101011000000
frame19,19,32,00000000000011010000010000000100

X8Y8,LUT4AB,8,8
frame0,0,32,00000000000000001111000011000000
frame1,1,32,00000000000101000000000000100000
frame2,2,32,00000000000100001000001110000000
frame3,3,32,00000000000010100000110000000010
frame4,4,32,01000000100100000000000010110000
frame5,5,32,10000000000001000010000000000001
frame6,6,32,10010000000001000000010100001001
frame7,7,32,00110000000000010010000110001000
frame8,8,32,00000000000000001000000000001100
frame9,9,32,00000000000101100000000011010000
frame10,10,32,00000000000000000001100000001110
frame11,11,32,00000000000000000001000101000100
frame12,12,32,00000100000000000000000110010000
frame13,13,32,00000000101000000000000001000000
frame14,14,32,00100000001000000010000010100010
frame15,15,32,00000000000000000100000000010000
frame16,16,32,00000100000000000000000000000100
frame17,17,32,00000001000001001001000011010010
frame18,18,32,00101010011000101001110001010000
frame19,19,32,00000000000001000000000000010000

X9Y8,LUT4AB,9,8
frame0,0,32,00000000000000001111010110000000
frame1,1,32,00000000001110001000000100000000
frame2,2,32,00000001010110010010100100010000
frame3,3,32,00000000001110111000100010010000
frame4,4,32,10001000011010000010100110000100
frame5,5,32,10000000000001000010000000010000
frame6,6,32,10000000000000000011001100000000
frame7,7,32,00110100110010101010110110000011
frame8,8,32,00000000000000001101111110000010
frame9,9,32,10010000000110000000000000111001
frame10,10,32,00100000000001010110000100110001
frame11,11,32,00000001000010000100001010101000
frame12,12,32,10000110000010000000010001000000
frame13,13,32,10000001000010100100011010000000
frame14,14,32,01000000001100000000000010011000
frame15,15,32,01111000100000011000000110001001
frame16,16,32,00111000000110010111010000000000
frame17,17,32,00010000000011000000000000000000
frame18,18,32,00000001100001000000001010101000
frame19,19,32,00000000000000011001011100110000

X10Y8,LUT4AB,10,8
frame0,0,32,00000000000000011010000010001000
frame1,1,32,00000000010001110110010100101000
frame2,2,32,00000001101001000010010000000000
frame3,3,32,00000000110111010000000010000010
frame4,4,32,10000010001011001101110111000000
frame5,5,32,10100101111011011010110000001000
frame6,6,32,10000100000000000000001110000000
frame7,7,32,01101100101010101100110010001000
frame8,8,32,00101100000000000101001110000110
frame9,9,32,01111000000110101000000011011000
frame10,10,32,10110000000000001111010100111100
frame11,11,32,00100000000000010110000000001001
frame12,12,32,00001100000000000000000001101100
frame13,13,32,00011100000001000000000110011000
frame14,14,32,01110000000001000000000001100000
frame15,15,32,01000000000110001000000111000011
frame16,16,32,00000001000011010111000100000000
frame17,17,32,00000001000100010110000001000000
frame18,18,32,00001010101000000000010010000000
frame19,19,32,00000000000001101000010100000000

X11Y8,AXIL_S_IO_E_2,11,8
frame0,0,32,10000010001110100011111111101100
frame1,1,32,00000000000000000000000011111111
frame2,2,32,00111111010011110000000000000000
frame3,3,32,00110000000000000000000000000001
frame4,4,32,00010110010000000000010011000001
frame5,5,32,01010000110011110000000000000000
frame6,6,32,00010011000000100000000010000000
frame7,7,32,00000000000000000000000000000000
frame8,8,32,00000000000000000000000000000000
frame9,9,32,00000000000000000000000000000000
frame10,10,32,00000000000000000000000000000000
frame11,11,32,00000000000000000000000000000000
frame12,12,32,00000000000000000000000000000000
frame13,13,32,00000000000000000000000000000000
frame14,14,32,00000000000000000000000000000000
frame15,15,32,00000000000000000000000000000000
frame16,16,32,00000000000000000000000000000000
frame17,17,32,00000000000000000000000000000000
frame18,18,32,00000000000000000000000000000000
frame19,19,32,00000000000000000000000000000000

X0Y7,W_IO,0,7
frame0,0,32,11001001100111000000000000000001
frame1,1,32,00000000000000000000110000000000
frame2,2,32,00000000001000100100000000000010
frame3,3,32,10110000000000000000000000000000
frame4,4,32,00000000000000000000000000000000
frame5,5,32,00000000000000000000000000000000
frame6,6,32,00000000000000000000000000000000
frame7,7,32,00000000000000000000000000000000
frame8,8,32,00000000000000000000000000000000
frame9,9,32,00000000000000000000000000000000
frame10,10,32,00000000000000000000000000000000
frame11,11,32,00000000000000000000000000000000
frame12,12,32,00000000000000000000000000000000
frame13,13,32,00000000000000000000000000000000
frame14,14,32,00000000000000000000000000000000
frame15,15,32,00000000000000000000000000000000
frame16,16,32,00000000000000000000000000000000
frame17,17,32,00000000000000000000000000000000
frame18,18,32,00000000000000000000000000000000
frame19,19,32,00000000000000000000000000000000

X1Y7,LUT4AB,1,7
frame0,0,32,00000000000000010000100010000001
frame1,1,32,11001000000000001000010100100000
frame2,2,32,00010001000100000010110000000000
frame3,3,32,00000010100010100110110100000000
frame4,4,32,00000000000001100010000100110000
frame5,5,32,01000000000000111100000100100000
frame6,6,32,01111000000011101100001000000000
frame7,7,32,00010100100101000000011000000001
frame8,8,32,01011100000000001101100000000000
frame9,9,32,10000000000000100000000011010100
frame10,10,32,00000000000100010110010000001010
frame11,11,32,00000000000010000000001110000000
frame12,12,32,00000010000010000000010000010000
frame13,13,32,00001000000001110000000011001010
frame14,14,32,01000001010001110110000010001000
frame15,15,32,00101001100001101110000100000000
frame16,16,32,00010100000011101111000001110000
frame17,17,32,00100010100110011011001100000000
frame18,18,32,00010111011000110111000000011000
frame19,19,32,00000010101001000001010000001000

X2Y7,LUT4AB,2,7
frame0,0,32,00000000000000001010000011010000
frame1,1,32,00000011001110011110010100100000
frame2,2,32,00000000010001110000000000100000
frame3,3,32,00000000011000110100100000000010
frame4,4,32,00000000011100000000000001001100
frame5,5,32,00000000000100010001000000000001
frame6,6,32,00000000000001010001000100100000
frame7,7,32,00001000001100010010110110001011
frame8,8,32,00101100000001101100001011000110
frame9,9,32,00100000001001011100000000110000
frame10,10,32,10000000000000000110111010110001
frame11,11,32,00000000000000010001101000011001
frame12,12,32,10000100000000000000100000000001
frame13,13,32,10000000001010100100010001010000
frame14,14,32,01000000001100100110000100011100
frame15,15,32,01110100000111001000000001100011
frame16,16,32,00000000010000000111000101100100
frame17,17,32,00100011100110000010000011111000
frame18,18,32,00000110000000001001101011010000
frame19,19,32,00000000010010001000000100000000

X3Y7,LUT4AB,3,7
frame0,0,32,00000000000010010001100110010010
frame1,1,32,01000000000111000101111110010000
frame2,2,32,00000001001001011100000100110000
frame3,3,32,00000010000100100000000000010000
frame4,4,32,11000100000010001000110000001000
frame5,5,32,00000000000100010010000000000000
frame6,6,32,11000000000000001110001000000000
frame7,7,32,00000000000001010101110000000001
frame8,8,32,00010010000000010110001000000010
frame9,9,32,00010100000001000000000000001100
frame10,10,32,00010000000010100000000000111101
frame11,11,32,00000001000010001010000000010000
frame12,12,32,00000000000011110111110001000000
frame13,13,32,00000001000000111011000011000000
frame14,14,32,01000000000010001000000010000000
frame15,15,32,00000000111010101101001000000000
frame16,16,32,00100111000110111100001011001000
frame17,17,32,00100010111001010011100101110000
frame18,18,32,00001101001000010010011001001000
frame19,19,32,00000000001000001000101110100100

X4Y7,LUT4AB,4,7
frame0,0,32,00000000100000011001101010000000
frame1,1,32,00000010000000100000110010000100
frame2,2,32,00000000111000110001110000000000
frame3,3,32,00000010000100011110000110000000
frame4,4,32,00000000001000101001000000001101
frame5,5,32,10000000000100100000000000000001
frame6,6,32,00001100000000011000010000000001
frame7,7,32,11111000000000010000000000000010
frame8,8,32,10000100100001101000100010000000
frame9,9,32,00101000001000011011101100000001
frame10,10,32,00010000000000010001111000100101
frame11,11,32,11000000100110011101011000000100
frame12,12,32,00001000000000000000000010110000
frame13,13,32,00010101000000001001100100010011
frame14,14,32,01001011000100000100000010100010
frame15,15,32,00110100000000010010010010110011
frame16,16,32,00000000100000000001000010010100
frame17,17,32,00110011100010001011001000000010
frame18,18,32,00100001100000001001000001010000
frame19,19,32,00000000000000001001110011000000

X5Y7,LUT4AB,5,7
frame0,0,32,00000000100000000111010000000001
frame1,1,32,00000000110100001101000100100000
frame2,2,32,00000001011110011100000100110000
frame3,3,32,00000000000010000000100000010000
frame4,4,32,10000100010110010000010000000001
frame5,5,32,10000010000101000000011100001000
frame6,6,32,10000000000011011000000101000000
frame7,7,32,10101000000000000000010010100010
frame8,8,32,11101100100000011010011110000010
frame9,9,32,00101000001001010000001011101001
frame10,10,32,10000000000100111000010000110001
frame11,11,32,00000000000110001000100000100110
frame12,12,32,01010100000000100001100000000010
frame13,13,32,10010000000001010000011000011001
frame14,14,32,01100011001011111000110100101110
frame15,15,32,00010101000000010000100001101100
frame16,16,32,00000001000010000110001000100000
frame17,17,32,00000110001010000010000011111000
frame18,18,32,00000000000000000000111001100000
frame19,19,32,00000010000001100101000000000000

X6Y7,LUT4AB,6,7
frame0,0,32,00000001100000000001101011000011
frame1,1,32,11000000000111000000001000001100
frame2,2,32,00000001100010100000010100000000
frame3,3,32,00000010000000000010100000010000
frame4,4,32,00000000000000000010100000000000
frame5,5,32,00000000000001011000000000010000
frame6,6,32,00001000000100010000100100000000
frame7,7,32,01100100010000001010010000001011
frame8,8,32,00100010000000000001001010000000
frame9,9,32,00010100001110000010001100010000
frame10,10,32,10100000000000001110011000000100
frame11,11,32,00000000000000001010000000100100
frame12,12,32,00000000000000100001010010000000
frame13,13,32,00001001001001010001000000001000
frame14,14,32,01000010010000011100000000100000
frame15,15,32,01001000000000010000010100010010
frame16,16,32,00000000000111101001001000000100
frame17,17,32,00000110000010010110010001001000
frame18,18,32,00000000000000000110000000000000
frame19,19,32,00000000000001010100111000000100

X7Y7,LUT4AB,7,7
frame0,0,32,00000000000000000001111000010000
frame1,1,32,00000011001001100010010000000000
frame2,2,32,00000101100100101000001001010000
frame3,3,32,00010010011010100010100000010000
frame4,4,32,00000010011101101110100010000101
frame5,5,32,00000100000001000001000000000001
frame6,6,32,00001000101000110000011100000000
frame7,7,32,01101001011011000000000100100000
frame8,8,32,00101000000010001000000100000000
frame9,9,32,00111000000000001000010110001001
frame10,10,32,10000000000100000100000000000011
frame11,11,32,00000000000000110001101010101000
frame12,12,32,00001100000000100000001010010000
frame13,13,32,00010000000010001001111001101011
frame14,14,32,01010000010100000010110111100000
frame15,15,32,00100000000000000100010001010011
frame16,16,32,00000000000000000001000000010100
frame17,17,32,00000001000101000001010011110000
frame18,18,32,00100110010000101001110001000000
frame19,19,32,00000000010000000000010001000000

X8Y7,LUT4AB,8,7
frame0,0,32,00000000000000000000000000000000
frame1,1,32,00000011100011000000011000000000
frame2,2,32,00000000000001000000010110000000
frame3,3,32,00000000000000010100110000000000
frame4,4,32,00000000010100100000110000000000
frame5,5,32,11000000000001101111000000000000
frame6,6,32,00001000000000011000100010000001
frame7,7,32,10010000000000000001110010001000
frame8,8,32,10001010100000000000000100000100
frame9,9,32,00000000000100010000000000010000
frame10,10,32,00000000000000000010010000000100
frame11,11,32,00000000000000000010000100000001
frame12,12,32,10000110000000000000001111000000
frame13,13,32,10000001100000000000000010000000
frame14,14,32,00001000000001000000000010010000
frame15,15,32,00011001100000010000000000101000
frame16,16,32,00011000001100000000000000000100
frame17,17,32,00000000001001000010000011111000
frame18,18,32,00010101100000111000001000010000
frame19,19,32,00000000000000110000000000000000

X9Y7,LUT4AB,9,7
frame0,0,32,00000000000001001000001000110000
frame1,1,32,00000000000000001101100100100000
frame2,2,32,10000000011010000001010000000000
frame3,3,32,00000000000000001100100000000000
frame4,4,32,01100100010100010010000000100000
frame5,5,32,11100001010001000100000000000001
frame6,6,32,00101101100000010000010000000000
frame7,7,32,10100000000110000110001000001000
frame8,8,32,10100000100010000000101000000000
frame9,9,32,00000100001000101000000111000000
frame10,10,32,10000000000000000000000000001100
frame11,11,32,00000000000110001000000000000011
frame12,12,32,10000000000010000000000001010000
frame13,13,32,10000000000010110000000010011000
frame14,14,32,00000000011000000000000100101100
frame15,15,32,00000001100000000001010000000100
frame16,16,32,01001000000000000000010000000000
frame17,17,32,00110111001100000000100000000000
frame18,18,32,00001110011000000000000000000000
frame19,19,32,00000000000000000000010010000000

X10Y7,LUT4AB,10,7
frame0,0,32,00000001001000011000011110011000
frame1,1,32,00000010101110110001101000100000
frame2,2,32,00000001000011001001000100100000
frame3,3,32,01000010000010100000000010000000
frame4,4,32,01001000000001011000000110000000
frame5,5,32,00000010100000000010000000000000
frame6,6,32,01000001010010001101000010001000
frame7,7,32,00100001100101000101101000000011
frame8,8,32,00011010000110001000011000001000
frame9,9,32,00000000000100100000000011100100
frame10,10,32,00000000000000100000010000111100
frame11,11,32,00000001000001100100000000000000
frame12,12,32,00000000000010111000000010010000
frame13,13,32,00000000001010001000000001100000
frame14,14,32,00110001001000000010000000000000
frame15,15,32,00000000000000000010000000010000
frame16,16,32,00000000000000000000000000000000
frame17,17,32,00000000000001011001000000000000
frame18,18,32,00100000000000101001000000000000
frame19,19,32,00000000000001001111100110001000

X11Y7,AXIL_S_IO_E_3,11,7
frame0,0,32,10000000000100010111110111110010
frame1,1,32,00000000000000000000000000111010
frame2,2,32,11110011110000000000000000000000
frame3,3,32,00001111000000000000000000000000
frame4,4,32,00010000000000010010001001000100
frame5,5,32,01010101111110100000000000000001
frame6,6,32,01001000110011010010000000000000
frame7,7,32,00000000001000000000000000000000
frame8,8,32,00000000000000000000000000000000
frame9,9,32,00000000000000000000000000000000
frame10,10,32,00000000000000000000000000000000
frame11,11,32,00000000000000000000000000000000
frame12,12,32,00000000000000000000000000000000
frame13,13,32,00000000000000000000000000000000
frame14,14,32,00000000000000000000000000000000
frame15,15,32,00000000000000000000000000000000
frame16,16,32,00000000000000000000000000000000
frame17,17,32,00000000000000000000000000000000
frame18,18,32,00000000000000000000000000000000
frame19,19,32,00000000000000000000000000000000

X0Y6,W_IO,0,6
frame0,0,32,11000011100110000001000000000001
frame1,1,32,00000000000000000000110000000000
frame2,2,32,00000000010000001000000010000110
frame3,3,32,00000000000000000000000000000000
frame4,4,32,00000000000000000000000000000000
frame5,5,32,00000000000000000000000000000000
frame6,6,32,00000000000000000000000000000000
frame7,7,32,00000000000000000000000000000000
frame8,8,32,00000000000000000000000000000000
frame9,9,32,00000000000000000000000000000000
frame10,10,32,00000000000000000000000000000000
frame11,11,32,00000000000000000000000000000000
frame12,12,32,00000000000000000000000000000000
frame13,13,32,00000000000000000000000000000000
frame14,14,32,00000000000000000000000000000000
frame15,15,32,00000000000000000000000000000000
frame16,16,32,00000000000000000000000000000000
frame17,17,32,00000000000000000000000000000000
frame18,18,32,00000000000000000000000000000000
frame19,19,32,00000000000000000000000000000000

X1Y6,LUT4AB,1,6
frame0,0,32,00000000000000000000000111010001
frame1,1,32,00001001010100000101011000000000
frame2,2,32,00000011000010111100000000100000
frame3,3,32,10000110101010110100000000000000
frame4,4,32,00000000001001101001000000111101
frame5,5,32,00000001100001111100000000000001
frame6,6,32,00001000000001101011001000000000
frame7,7,32,01100000000101001000000100000100
frame8,8,32,00000000000000001110100010000000
frame9,9,32,00000000000001110010000011001001
frame10,10,32,00110000000000000101100010000001
frame11,11,32,00000000000110010000000010001010
frame12,12,32,00000100000010000000100000101000
frame13,13,32,00000000000000001000000000000010
frame14,14,32,01001001100100110000100000000000
frame15,15,32,00000100000001101110010010000000
frame16,16,32,00000100100101111101000111100000
frame17,17,32,00000100100001011100001100000000
frame18,18,32,00000001010000100000000011011000
frame19,19,32,00000011001000001000001000011000

X2Y6,LUT4AB,2,6
frame0,0,32,00000000000000000010000000001000
frame1,1,32,01000000000000000010010110010000
frame2,2,32,00000000001000110010110001010000
frame3,3,32,01000010000100001100000011010000
frame4,4,32,00000000000010010010000010001000
frame5,5,32,00010011000101001100000000000000
frame6,6,32,00001100000000001100010010000000
frame7,7,32,00100000000011101001000000001001
frame8,8,32,00000000000000010100000010000000
frame9,9,32,00010000000000011010000011000000
frame10,10,32,00110000010010100000000000101100
frame11,11,32,00000001100010001010000000000000
frame12,12,32,00000000000011110111110001000000
frame13,13,32,00000001000000111011000000000000
frame14,14,32,01000000000010000000100011000000
frame15,15,32,01000000111010101101001000010001
frame16,16,32,00100111000110111100001011001000
frame17,17,32,00100010111001010011100100000000
frame18,18,32,00001101001000010010000000000000
frame19,19,32,00000000000000010110010010100100

X3Y6,LUT4AB,3,6
frame0,0,32,00000000000000101011100000101010
frame1,1,32,00000010000000000000101100110000
frame2,2,32,00000001011100010010100000010000
frame3,3,32,00000010010100000011000111000000
frame4,4,32,00000000011100011000010000000000
frame5,5,32,01000000000100011010000000110000
frame6,6,32,00000010000000001000100100000001
frame7,7,32,10000001000001100100000100001000
frame8,8,32,11000010001000010100011000000000
frame9,9,32,10010100000100000000000011001000
frame10,10,32,00010000000010100000000000110000
frame11,11,32,00000000100010001010000100000010
frame12,12,32,00000000000011110111110011000000
frame13,13,32,00000001001000111011000011000100
frame14,14,32,01100000000010001010010001001000
frame15,15,32,00000000111010101101001000000101
frame16,16,32,00100111000110111100001011001000
frame17,17,32,00100010111001010011100101110000
frame18,18,32,00001101001000010010011001001000
frame19,19,32,00000000000000001111101110001000

X4Y6,LUT4AB,4,6
frame0,0,32,00000000000000000010000011100000
frame1,1,32,00000011001111101100010000001000
frame2,2,32,00001000111000101011100100010000
frame3,3,32,00001001100011101010110010010010
frame4,4,32,00000000101001010001010000111101
frame5,5,32,00000000000010010011001100000001
frame6,6,32,00000000000010010100000110100001
frame7,7,32,00011001000101000010010010010010
frame8,8,32,00001100000000000000001000000100
frame9,9,32,00100000000100001000000010100000
frame10,10,32,00100000000101010100110011110101
frame11,11,32,00000000000000000101000100000000
frame12,12,32,10000100000000000000000001101001
frame13,13,32,10001100001010010001000011000001
frame14,14,32,00100011010100000010010000010100
frame15,15,32,00000001000000010100010000011000
frame16,16,32,01101000000000000001000000010000
frame17,17,32,00110111000001001001011010100000
frame18,18,32,00100000100000101001000000000000
frame19,19,32,00000000000010011100000000000000

X5Y6,LUT4AB,5,6
frame0,0,32,00000000000000011110010010000000
frame1,1,32,00000010000000110000011000101100
frame2,2,32,00000001010010100010001000000000
frame3,3,32,00000010011000101000100000000000
frame4,4,32,01000000010000100000000010010000
frame5,5,32,10010000000001000000010000000000
frame6,6,32,00100000000010010001100100100000
frame7,7,32,00100000000001111010000000001100
frame8,8,32,01000000000000000011011011010000
frame9,9,32,00000000000010000010001111000000
frame10,10,32,00110000000110000110000011010001
frame11,11,32,11000001000110101000010010000001
frame12,12,32,00000110000000000000000101011011
frame13,13,32,00000011000000000001000010000000
frame14,14,32,01000000000001000000000001010000
frame15,15,32,00111100000010100000010101110000
frame16,16,32,01000000100000010001000000000000
frame17,17,32,00000000001111010010110000000010
frame18,18,32,00001010000000010101110010000000
frame19,19,32,00000000000000110001000011000000

X6Y6,LUT4AB,6,6
frame0,0,32,00000000000000101101101100001000
frame1,1,32,00000000000101111100110100000000
frame2,2,32,00000000010100011100000000010000
frame3,3,32,01000010110100111100000000010000
frame4,4,32,00000000010000011100010000001000
frame5,5,32,10000000000110000001000000010000
frame6,6,32,10100000000000000100100110000000
frame7,7,32,01100001000001000111001111000100
frame8,8,32,01000110000001110100001000000010
frame9,9,32,10000100100100001000000011001000
frame10,10,32,00100000000010100010001000110001
frame11,11,32,00000001000010001010000000000010
frame12,12,32,00000000000011110111110001000000
frame13,13,32,00000001001000111011000010000100
frame14,14,32,01000000000010000100000000001000
frame15,15,32,01011000111010101101001000010000
frame16,16,32,00100111000110111100001011001000
frame17,17,32,00100010111001010011100100000010
frame18,18,32,00001101001000010010000000000000
frame19,19,32,00000000000000101000100000001000

X7Y6,LUT4AB,7,6
frame0,0,32,00000001000000000010000011000000
frame1,1,32,00000000100001001100000010100000
frame2,2,32,00000000111110000000011000100000
frame3,3,32,00000010010100001111000010000000
frame4,4,32,10000000011110011010000000111001
frame5,5,32,11010001000010000011001100010001
frame6,6,32,10110000000000100100111110000100
frame7,7,32,10010101000011111011101100000111
frame8,8,32,11000000001000001000000010000010
frame9,9,32,10010100000110011000001100101000
frame10,10,32,00000011000101000011001000100000
frame11,11,32,00000000000010110110010010001111
frame12,12,32,01011110000110100001100000000110
frame13,13,32,00010000000000000000000001001101
frame14,14,32,01001010011100000110000000001010
frame15,15,32,01100000000000000010000010000110
frame16,16,32,00111000000000000001000001110000
frame17,17,32,00110000000000001000000000000000
frame18,18,32,00100001111000000000011010010000
frame19,19,32,00000000000000100100010001000000

X8Y6,LUT4AB,8,6
frame0,0,32,00000000000000000000010010011000
frame1,1,32,00000011000000010100010110000000
frame2,2,32,00010000101101100000001000000000
frame3,3,32,00000010000000000000100000000000
frame4,4,32,00100100000000000000000010100000
frame5,5,32,00100010010100100000000000001000
frame6,6,32,00000000001001101101000100000000
frame7,7,32,00000100100010110010100110000101
frame8,8,32,00100110000000000010000000000110
frame9,9,32,11000000000000000000000011110001
frame10,10,32,10000000000000000101001000001111
frame11,11,32,11100100000000010000001000101001
frame12,12,32,00000000000010000000100001100001
frame13,13,32,00000000000000001000011010000010
frame14,14,32,00000000011001110100100000001100
frame15,15,32,00110001000000001110000000000000
frame16,16,32,01101100000001101101000001110000
frame17,17,32,00010000000000011101000000000000
frame18,18,32,00000000000000101001000000000000
frame19,19,32,00000000000010010001101001001000

X9Y6,LUT4AB,9,6
frame0,0,32,00000000100000001001101010010000
frame1,1,32,00000000000001001000010010100000
frame2,2,32,00000000010001110000000100000000
frame3,3,32,00000000000000011100000000000010
frame4,4,32,10100000010001000010010000000000
frame5,5,32,10000000000000010010001000011000
frame6,6,32,11000000000000011000000100001001
frame7,7,32,10000000010101100011100000000011
frame8,8,32,11011000000000000100000000000010
frame9,9,32,10000000001100100000000000001100
frame10,10,32,00100000000001000010110000111100
frame11,11,32,00000000000010000000100000000010
frame12,12,32,10000110000010000000011001000000
frame13,13,32,10000000100010000100100000011010
frame14,14,32,00011000000000000000000001010000
frame15,15,32,00011000100001110000000010001100
frame16,16,32,00110001100100000010000000000100
frame17,17,32,00010000000010000010000000000000
frame18,18,32,00000000100001000010001000010000
frame19,19,32,00000000000101100111111111000000

X10Y6,LUT4AB,10,6
frame0,0,32,00000000100000101010000000010000
frame1,1,32,00010000000000000010110000100000
frame2,2,32,00011000110010111100011100100000
frame3,3,32,00000000000011000000000000000000
frame4,4,32,10000000010010000000110001001000
frame5,5,32,10000000000000000000000000001000
frame6,6,32,10000000100001000000000100000000
frame7,7,32,00010000000100000010100000001000
frame8,8,32,00001000000000010001010100001100
frame9,9,32,00000100000100110000010011000000
frame10,10,32,00000000000100001010000100000010
frame11,11,32,00000000000000000000000001000101
frame12,12,32,01010100000000000001100000010010
frame13,13,32,00001000100001110000000011000000
frame14,14,32,01010001000001001100100000000000
frame15,15,32,01100000000110000001010010000010
frame16,16,32,00100101010000001001010101100000
frame17,17,32,00110000000000000001100000000010
frame18,18,32,00100000000001011001010010001000
frame19,19,32,00000001100011111110000000000000

X11Y6,AXI_M_IO_E_0,11,6
frame0,0,32,00000000101000000000000010000000
frame1,1,32,00000010000000000000000000000000
frame2,2,32,00000000000000000000000000110000
frame3,3,32,00001100000000000000000000110011
frame4,4,32,00000000000000000000000000000011
frame5,5,32,00000000010000000000000000000001
frame6,6,32,00110110000010000101001100000011
frame7,7,32,00100100000000000000000000010000
frame8,8,32,00000000000000001110100000010000
frame9,9,32,00000000000000000000000000000000
frame10,10,32,00000000000000000000000000000000
frame11,11,32,00000000000000000000000000000000
frame12,12,32,00000000000000000000000000000000
frame13,13,32,00000000000000000000000000000000
frame14,14,32,00000000000000000000000000000000
frame15,15,32,00000000000000000000000000000000
frame16,16,32,00000000000000000000000000000000
frame17,17,32,00000000000000000000000000000000
frame18,18,32,00000000000000000000000000000000
frame19,19,32,00000000000000000000000000000000

X0Y5,W_IO,0,5
frame0,0,32,11001011100101000000000000000000
frame1,1,32,00000000000000100000000000000000
frame2,2,32,00000000010000101000100000000001
frame3,3,32,00100000000000000000000000000000
frame4,4,32,00000000000000000000000000000000
frame5,5,32,00000000000000000000000000000000
frame6,6,32,00000000000000000000000000000000
frame7,7,32,00000000000000000000000000000000
frame8,8,32,00000000000000000000000000000000
frame9,9,32,00000000000000000000000000000000
frame10,10,32,00000000000000000000000000000000
frame11,11,32,00000000000000000000000000000000
frame12,12,32,00000000000000000000000000000000
frame13,13,32,00000000000000000000000000000000
frame14,14,32,00000000000000000000000000000000
frame15,15,32,00000000000000000000000000000000
frame16,16,32,00000000000000000000000000000000
frame17,17,32,00000000000000000000000000000000
frame18,18,32,00000000000000000000000000000000
frame19,19,32,00000000000000000000000000000000

X1Y5,LUT4AB,1,5
frame0,0,32,00000001100000001010000101010010
frame1,1,32,10101000100001011101100000100000
frame2,2,32,00000100100110100100000000110000
frame3,3,32,01010000010110101011100100010010
frame4,4,32,10000000011010001011010010111000
frame5,5,32,01000110000001000010000000100000
frame6,6,32,11000100101000110100000001000101
frame7,7,32,10000001000001100001000000000010
frame8,8,32,11100000000000010101110100000010
frame9,9,32,10000000001100100001100110101000
frame10,10,32,10000100001000001110000010010001
frame11,11,32,00000010110100001100000110010011
frame12,12,32,10000110000000100001100000000000
frame13,13,32,10001000100001110000100000000000
frame14,14,32,00001001011000000000000011010100
frame15,15,32,01001000100000110100000001111000
frame16,16,32,01011100001100000001011010000000
frame17,17,32,00100000010000000000110000100000
frame18,18,32,00011000100000000000001010001000
frame19,19,32,00000010010000000010001000000000

X2Y5,LUT4AB,2,5
frame0,0,32,00000000100000001010000010000000
frame1,1,32,00000000000000000000110010000000
frame2,2,32,00000000000000100110000000100000
frame3,3,32,01000011000100100000001000000000
frame4,4,32,00000100000000111000001000001000
frame5,5,32,01000001110100000000100000000001
frame6,6,32,00000000000000001100000100000100
frame7,7,32,10110000000001110110000000000000
frame8,8,32,00000000000000010100001000000000
frame9,9,32,00000000000000000000000011000100
frame10,10,32,00100000101010100001001000010000
frame11,11,32,00000001000010001000000000000010
frame12,12,32,00000011000011110111110000000000
frame13,13,32,00000001000000111011010000000000
frame14,14,32,00000010000010001100000010001000
frame15,15,32,01010000111010101101001000110110
frame16,16,32,00100111000110111100001011001000
frame17,17,32,00100010111001010011100101110010
frame18,18,32,00001101001000010010011001001000
frame19,19,32,00000000000000000000000111000000

X3Y5,LUT4AB,3,5
frame0,0,32,00000000111000101001000101000010
frame1,1,32,00000000010001110000010110000100
frame2,2,32,00000000110010001100001000010000
frame3,3,32,01000010010000000000100010000000
frame4,4,32,01000000011000000101100010000001
frame5,5,32,01000010000100110001000000000000
frame6,6,32,00000000001000001000010010000000
frame7,7,32,00000000100001010000110010001001
frame8,8,32,00000100000001110100010000000000
frame9,9,32,00000000100100000000000011000000
frame10,10,32,00000000000010100000000000111111
frame11,11,32,00000001100010001010000100000010
frame12,12,32,00000000000011110111110011000000
frame13,13,32,00000000001000111011000011000000
frame14,14,32,00000000000010001000100001001000
frame15,15,32,00001000111010101101001000010000
frame16,16,32,00100111000110111100001011001000
frame17,17,32,00100010111001010011100101110000
frame18,18,32,00001101001000010010011001001000
frame19,19,32,00000010000100101000001111010100

X4Y5,LUT4AB,4,5
frame0,0,32,00000000100000010000010100010000
frame1,1,32,00000010100001010000001100100000
frame2,2,32,00010000001010110100101000010000
frame3,3,32,00000000001110100000111010000000
frame4,4,32,10000000001100011100000000000100
frame5,5,32,10000000000100000111000000000000
frame6,6,32,10000100000000110000000000000101
frame7,7,32,00111000000001100010001100000000
frame8,8,32,01000010100000000000001010100110
frame9,9,32,10100000000100111000000111011000
frame10,10,32,00000000000100000001000100010100
frame11,11,32,00000000000010110101000000111000
frame12,12,32,10000110000000100000011000110000
frame13,13,32,10000010101010000001000000010111
frame14,14,32,00000000010110001010000110101000
frame15,15,32,01100000000011010110010111010011
frame16,16,32,00010000000010011010000000010100
frame17,17,32,00000011000010001101010000000010
frame18,18,32,00100001100001000111000010000000
frame19,19,32,00000000000000000101110000100000

X5Y5,LUT4AB,5,5
frame0,0,32,00000001100000000000000110000000
frame1,1,32,00000000001000000001101110000000
frame2,2,32,00000000010001100100000000100000
frame3,3,32,00000010100100001100001001100000
frame4,4,32,00000000010000101000001010001000
frame5,5,32,00000000000100000001000000000000
frame6,6,32,01100000000000000000100100000000
frame7,7,32,00100100010001011100001010000001
frame8,8,32,00010000100000011100010000000000
frame9,9,32,00000010000010111000000000001100
frame10,10,32,00110000000010100010001000000000
frame11,11,32,00000001000010001000000000010000
frame12,12,32,00000000000011110111110000000000
frame13,13,32,00000000001000111011011011000000
frame14,14,32,01100000000010000010010000001000
frame15,15,32,01000000111010101101001000000010
frame16,16,32,00100111000110111100001011001000
frame17,17,32,00100010111001010011100100000000
frame18,18,32,00001101001000010010000000000000
frame19,19,32,00000000000000000000000111000000

X6Y5,LUT4AB,6,5
frame0,0,32,00000000100000100011000010000001
frame1,1,32,00000000000000110000110100000100
frame2,2,32,00000000111100001100000010100000
frame3,3,32,00000010101100000000010001100000
frame4,4,32,00000000011000001100010000000001
frame5,5,32,10000000000100000001000000000001
frame6,6,32,01000000000000001000000110000000
frame7,7,32,00010100000011010111010010000000
frame8,8,32,00010100010000011100000000000010
frame9,9,32,00000001000000011000000011000000
frame10,10,32,00000000000010100000000000001101
frame11,11,32,00000000000010001010000001010000
frame12,12,32,00000000000011110111110011000000
frame13,13,32,00000000000000111011000011000100
frame14,14,32,01000000000010001110110000000000
frame15,15,32,00000000111010101101001000010101
frame16,16,32,00100111000110111100001011001000
frame17,17,32,00100010111001010011100101110010
frame18,18,32,00001101001000010010011001001000
frame19,19,32,00000000000100100110000000000000

X7Y5,LUT4AB,7,5
frame0,0,32,00000000100000111001000010101000
frame1,1,32,00000000000000001001101100000000
frame2,2,32,00000100010100101111011100100000
frame3,3,32,00000001110010000000101010000000
frame4,4,32,00001100001010000010110000101000
frame5,5,32,11000000000000000001000000100000
frame6,6,32,00001000000011010010000000001000
frame7,7,32,00000100100100100000010100000000
frame8,8,32,01001100010000010001100000001000
frame9,9,32,00000000000001000001111010000100
frame10,10,32,00010000000110100011000001110110
frame11,11,32,11000000000101100110110100001010
frame12,12,32,10000010000000011100000100100000
frame13,13,32,10000100101000011000000011000000
frame14,14,32,00000000010000000010110000111010
frame15,15,32,00101000000001110001100000001000
frame16,16,32,01001100101100000010011111000100
frame17,17,32,00010100011010000010110011111000
frame18,18,32,00011100000000001001111000000000
frame19,19,32,00000000000011110010010111000000

X8Y5,LUT4AB,8,5
frame0,0,32,00000000000000010001001010000000
frame1,1,32,00000010000000101100010000100100
frame2,2,32,00000000101100100000001100010000
frame3,3,32,00000011010100101100001100010000
frame4,4,32,01100000001100000010001110001000
frame5,5,32,11100010000000101011000000100000
frame6,6,32,00000001000000001000010100001000
frame7,7,32,10010101000000001000111101101000
frame8,8,32,10101100000000000100101000001000
frame9,9,32,01010000000000001000010000100000
frame10,10,32,10100000000000010010001000111000
frame11,11,32,11100000000000000000000100110110
frame12,12,32,01010000000000000000010010000001
frame13,13,32,00001010000000001101011011001010
frame14,14,32,01010000000110010100000101110000
frame15,15,32,01101000000000001010000101000100
frame16,16,32,01011000000011000100000001110100
frame17,17,32,00110011000011011001000111110000
frame18,18,32,00000100011000100100110001000000
frame19,19,32,00000000000110000010010100000000

X9Y5,LUT4AB,9,5
frame0,0,32,00000000100000010000000001011000
frame1,1,32,10000010010100000000001100000000
frame2,2,32,00000001010001101000001000000000
frame3,3,32,00000001000011001110100000000010
frame4,4,32,00100000000010000100010000110101
frame5,5,32,00100000001101111000000000000000
frame6,6,32,01000000000011001000000000001000
frame7,7,32,10000100010110000101100010001011
frame8,8,32,10010100000000001001000000001100
frame9,9,32,01000100001000000000001100001101
frame10,10,32,00000000000000110110000100000001
frame11,11,32,00100000100110111010000000100110
frame12,12,32,01010100000010000000100001100110
frame13,13,32,00000000000000010000000011000000
frame14,14,32,01010000010000100110100001010000
frame15,15,32,01000001100000001110000001000100
frame16,16,32,00011100000000001000000001110000
frame17,17,32,00100001000000000001000001001000
frame18,18,32,00000101010001011001010010100000
frame19,19,32,00000000000010001101100000001000

X10Y5,LUT4AB,10,5
frame0,0,32,00000000100000010001100000001000
frame1,1,32,00000000001111011100000000001000
frame2,2,32,00000000010000110000000000000000
frame3,3,32,01000001010100000000000100000010
frame4,4,32,10001000000001100000000101000001
frame5,5,32,00000010000000000010000001111001
frame6,6,32,11001010001000101000101001011000
frame7,7,32,00000000100100010000000000011010
frame8,8,32,00010111000001000010001000001010
frame9,9,32,00000100000110000000000011101000
frame10,10,32,00110000100001000000000000110001
frame11,11,32,00000000000100000001000010110100
frame12,12,32,00000000000100000100100010101000
frame13,13,32,00001000000110100100000000000010
frame14,14,32,00000000100100100100110000000010
frame15,15,32,00010000000000000110000001000010
frame16,16,32,01000000000010101000000010010100
frame17,17,32,00000000000010001101000000100000
frame18,18,32,00000000000000100001001010010000
frame19,19,32,00000000000100011101000000001000

X11Y5,AXI_M_IO_E_1,11,5
frame0,0,32,00001000000000001111101010000000
frame1,1,32,00100000000000000000000000000000
frame2,2,32,00000000000000000000000000000000
frame3,3,32,00000000000000000000000000001000
frame4,4,32,00000000000000000000000000000000
frame5,5,32,00000000000000100011000010000011
frame6,6,32,00000000000000000001110000000011
frame7,7,32,11001000110100000000000000000000
frame8,8,32,00001000000000000000000000000000
frame9,9,32,00000000000000000000000000000000
frame10,10,32,00000000000000000000000000000000
frame11,11,32,00000000000000000000000000000000
frame12,12,32,00000000000000000000000000000000
frame13,13,32,00000000000000000000000000000000
frame14,14,32,00000000000000000000000000000000
frame15,15,32,00000000000000000000000000000000
frame16,16,32,00000000000000000000000000000000
frame17,17,32,00000000000000000000000000000000
frame18,18,32,00000000000000000000000000000000
frame19,19,32,00000000000000000000000000000000

X0Y4,W_IO,0,4
frame0,0,32,11001111100111000000000000000100
frame1,1,32,00100000000000000000000000000000
frame2,2,32,00000000000000000000100000000000
frame3,3,32,00001000000000000000000000000000
frame4,4,32,00000000000000000000000000000000
frame5,5,32,00000000000000000000000000000000
frame6,6,32,00000000000000000000000000000000
frame7,7,32,00000000000000000000000000000000
frame8,8,32,00000000000000000000000000000000
frame9,9,32,00000000000000000000000000000000
frame10,10,32,00000000000000000000000000000000
frame11,11,32,00000000000000000000000000000000
frame12,12,32,00000000000000000000000000000000
frame13,13,32,00000000000000000000000000000000
frame14,14,32,00000000000000000000000000000000
frame15,15,32,00000000000000000000000000000000
frame16,16,32,00000000000000000000000000000000
frame17,17,32,00000000000000000000000000000000
frame18,18,32,00000000000000000000000000000000
frame19,19,32,00000000000000000000000000000000

X1Y4,LUT4AB,1,4
frame0,0,32,00000000000010011010000111100010
frame1,1,32,00010011000110000111010110100000
frame2,2,32,00000000110100111000100000110000
frame3,3,32,00000000110100000010000000010000
frame4,4,32,01000100011000000101010000111001
frame5,5,32,00000010000010001010010100010001
frame6,6,32,00010000000000100010000011000000
frame7,7,32,01100000000000000011000000000011
frame8,8,32,00000000100000000100100000000010
frame9,9,32,10000000000000000000010010100100
frame10,10,32,00000000000100000100000100000100
frame11,11,32,00000001000000110110000001100000
frame12,12,32,00000000000010000000010001010000
frame13,13,32,00000000001010000100000010100000
frame14,14,32,01000000011100000000100000000100
frame15,15,32,00000100000000100100100100010100
frame16,16,32,00000100000010010011000000110000
frame17,17,32,00000000000011000111000100000000
frame18,18,32,00000110011001110111001010011000
frame19,19,32,00000000001000001000000101000000

X2Y4,LUT4AB,2,4
frame0,0,32,00000000000000010000000110000000
frame1,1,32,00000000001000110000000000100000
frame2,2,32,00000000100000001010000000110000
frame3,3,32,01000010000010000100001000010000
frame4,4,32,00000100000011000010001000001000
frame5,5,32,00000010000100010000000000000000
frame6,6,32,00010000000000000101000010000000
frame7,7,32,00101000000001000100000100001000
frame8,8,32,00000100000000010100000000000000
frame9,9,32,10100000000000000000000000000100
frame10,10,32,00100000000010100000000000000001
frame11,11,32,00000001100010001000000000010000
frame12,12,32,00000000000011110111110001000000
frame13,13,32,00000000001000111011000000000100
frame14,14,32,00100001000010001010000000001000
frame15,15,32,00000000111010101101001000000000
frame16,16,32,00100111000110111100001011001000
frame17,17,32,00100010111001010011100101110000
frame18,18,32,00001101001000010010011001001000
frame19,19,32,00000000000000100000011100000000

X3Y4,LUT4AB,3,4
frame0,0,32,00000001000000101010000000011000
frame1,1,32,00000010000000100100010000100100
frame2,2,32,00000001000000000010101000100000
frame3,3,32,00000010000100110001000011000010
frame4,4,32,10100000000100000101100000011000
frame5,5,32,01100000000000000000000010000000
frame6,6,32,10000000000010000001000000000000
frame7,7,32,10000100000000001101000100000000
frame8,8,32,10000000000000000001000010000010
frame9,9,32,00000000000110000000011100001000
frame10,10,32,00110000000110010010100100001000
frame11,11,32,00000000100000000001100101000110
frame12,12,32,00001010000000100101110110000000
frame13,13,32,00010000001000000001010000000001
frame14,14,32,01110001010011111010000010101010
frame15,15,32,00011001000111011111110100101101
frame16,16,32,00110001111111111100011101001000
frame17,17,32,00000100111111011111111001110000
frame18,18,32,00011011100000000111011001001000
frame19,19,32,00000000100000101000010000001000

X4Y4,LUT4AB,4,4
frame0,0,32,00000000000000101111011110000000
frame1,1,32,00100000011001000110001100101000
frame2,2,32,00000001110000001100001000000000
frame3,3,32,00000000001110010100000100000000
frame4,4,32,10000000001000100010001110010000
frame5,5,32,00000010000011001000000000100100
frame6,6,32,10100000000001110111000100000000
frame7,7,32,00100100000010001010010100000010
frame8,8,32,01001000000000001000000010000000
frame9,9,32,10001000000111100000010001000100
frame10,10,32,00110000000011000011010100000010
frame11,11,32,00000000000001000000000011000110
frame12,12,32,11011110000000111100100000000110
frame13,13,32,10010000000010101100000100010100
frame14,14,32,00010000011011000010000100101000
frame15,15,32,01001101000110110010100001000010
frame16,16,32,00100001110000001100000000110000
frame17,17,32,00100010110101000001000001000000
frame18,18,32,00100000000000100100001010000000
frame19,19,32,00000000000100001100010110100000

X5Y4,LUT4AB,5,4
frame0,0,32,00000001000000000010110100001000
frame1,1,32,00010010010000000101001110000000
frame2,2,32,00000001000100101001000000000000
frame3,3,32,00000011100100000000000001110000
frame4,4,32,10000000010000011010000000000000
frame5,5,32,10010000000101000101000000000000
frame6,6,32,10010000000000010000000100000000
frame7,7,32,00000100000011001110001000001000
frame8,8,32,00000000001000011100101000000010
frame9,9,32,00000000000110000000000001001000
frame10,10,32,00110000000010100000000000001111
frame11,11,32,00000000000010001000000101000000
frame12,12,32,00000000000011110111110011000000
frame13,13,32,00000000000000111011001010000000
frame14,14,32,00000000000010001010000000001000
frame15,15,32,00000000111010101101001000010001
frame16,16,32,00100111000110111100001011001000
frame17,17,32,00100010111001010011100101110010
frame18,18,32,00001101001000010010011001001000
frame19,19,32,00000000000100001000000001001000

X6Y4,LUT4AB,6,4
frame0,0,32,00000000000000101001001010000000
frame1,1,32,00000010000000111000111010000000
frame2,2,32,00000001011111010010000011100000
frame3,3,32,00000010000100000000011001100000
frame4,4,32,00000000011100101000000000000000
frame5,5,32,00000000000100000000000000000000
frame6,6,32,00100100000000011101000000000000
frame7,7,32,00100101000001101000101000000101
frame8,8,32,00000100110000010100111100000000
frame9,9,32,10010001000010111010000000000000
frame10,10,32,00010000000010100000000000110000
frame11,11,32,00000000000010001010000000010000
frame12,12,32,00000010000011110111110000000000
frame13,13,32,00000000000000111011000011000100
frame14,14,32,00000000000010001010000000000000
frame15,15,32,01000000111010101101001000000001
frame16,16,32,00100111000110111100001011001000
frame17,17,32,00100010111001010011100101110000
frame18,18,32,00001101001000010010011001001000
frame19,19,32,00000000000010011000001011000000

X7Y4,LUT4AB,7,4
frame0,0,32,00000000001000100011010010000011
frame1,1,32,00000000000110010100000010100000
frame2,2,32,00000000100100100000000000000000
frame3,3,32,00000010100000000010000000000000
frame4,4,32,00000000010000000101010010000101
frame5,5,32,00100000000000000111000010000101
frame6,6,32,00000000000000000000100000000001
frame7,7,32,00000100000101001011001010001010
frame8,8,32,00100010100000000000001000000010
frame9,9,32,10010000000010011100000011100000
frame10,10,32,10000000000001000001001000000100
frame11,11,32,11000000000000100110011000100011
frame12,12,32,10000000110010010000100000110100
frame13,13,32,10000000001000000001000010010000
frame14,14,32,00001000000000000000000101101100
frame15,15,32,01001101000000000110010010010010
frame16,16,32,00101000100000000000011100000000
frame17,17,32,00010000001100001000001100000000
frame18,18,32,00101010000000000000001001110000
frame19,19,32,00000000000000000001010011010100

X8Y4,LUT4AB,8,4
frame0,0,32,00000000100000101001011100000000
frame1,1,32,00000010000010101000000000000000
frame2,2,32,00000001010000000101111100010000
frame3,3,32,00000001001001001110000101110010
frame4,4,32,00000000001100100011100000010000
frame5,5,32,10000010000000101000000000000000
frame6,6,32,00000000000010011010001100000001
frame7,7,32,10000000000010000011110010001101
frame8,8,32,10001010000000001000011010000100
frame9,9,32,11000100000001000011100011000000
frame10,10,32,00000000000011010001000001100010
frame11,11,32,00100001000000000110000000000010
frame12,12,32,11010000000010000100000001000110
frame13,13,32,10000011100010100100000011100000
frame14,14,32,00100000011000101000000000011000
frame15,15,32,00000001100000110110000001001100
frame16,16,32,00001100100010000010000000000000
frame17,17,32,00000000010110000011000011101000
frame18,18,32,00101010100001010001101000000000
frame19,19,32,00000000000001111111110000000000

X9Y4,LUT4AB,9,4
frame0,0,32,00000000110000000001001010000000
frame1,1,32,00000010010000100100011010101000
frame2,2,32,00000000011101010010101000000000
frame3,3,32,00000001011001100110000110000010
frame4,4,32,11000000011001011111000000001001
frame5,5,32,10000000000000000000000000100001
frame6,6,32,11000000100001010100000100000000
frame7,7,32,10110001000010000010111100000001
frame8,8,32,10010010000010001100010000000000
frame9,9,32,01000100000000100000010011000100
frame10,10,32,00100000000000010010001010110110
frame11,11,32,11100000000000010111000111001100
frame12,12,32,11010110000000100100000001011011
frame13,13,32,10001000000010010000000010110011
frame14,14,32,00001000010100001100110110010000
frame15,15,32,00001100100001100000010010110010
frame16,16,32,00110101100000001001000000110000
frame17,17,32,00010010000000000000001100000010
frame18,18,32,00101010001000000000001000011000
frame19,19,32,00000000000000000111000111000000

X10Y4,LUT4AB,10,4
frame0,0,32,00000001100000010111001000000000
frame1,1,32,00000000110100000100011000001000
frame2,2,32,00000001101000101101100000000000
frame3,3,32,00000000000111000101000000000000
frame4,4,32,11000000000001000000000001000100
frame5,5,32,10000000000100100000111000001000
frame6,6,32,10000101100011000000000001000001
frame7,7,32,00011100000010000100000000000110
frame8,8,32,01000100110000001100001000100000
frame9,9,32,10111001110011000000011100000000
frame10,10,32,00100000000000110101000100100011
frame11,11,32,00000000000000010000011011001000
frame12,12,32,00001100000000100000100010100010
frame13,13,32,00011000000010011101000011011100
frame14,14,32,00110000010001101000110001011000
frame15,15,32,01000101100001101000000011100010
frame16,16,32,00110001000000000101000000110000
frame17,17,32,00000001000010000000000100001010
frame18,18,32,00000011101001011001000000000000
frame19,19,32,00000000010111001101000000000000

X11Y4,AXI_M_IO_E_2,11,4
frame0,0,32,00000000010000000000000000011000
frame1,1,32,00010000000000001000000000000000
frame2,2,32,00000000000000000000000000000000
frame3,3,32,00000000000000000000000000001000
frame4,4,32,00000000000000000000000000100000
frame5,5,32,00000000000000001100000000000011
frame6,6,32,00010000011000001000000000000000
frame7,7,32,11010101010000000000000000000000
frame8,8,32,00000000001000010000000000000000
frame9,9,32,00000000000000000000000000000000
frame10,10,32,00000000000000000000000000000000
frame11,11,32,00000000000000000000000000000000
frame12,12,32,00000000000000000000000000000000
frame13,13,32,00000000000000000000000000000000
frame14,14,32,00000000000000000000000000000000
frame15,15,32,00000000000000000000000000000000
frame16,16,32,00000000000000000000000000000000
frame17,17,32,00000000000000000000000000000000
frame18,18,32,00000000000000000000000000000000
frame19,19,32,00000000000000000000000000000000

X0Y3,W_IO,0,3
frame0,0,32,11000111100011000000000000000000
frame1,1,32,00000100000000000000000000000000
frame2,2,32,00000000000000000001000000000010
frame3,3,32,00000000000000000000000000000000
frame4,4,32,00000000000000000000000000000000
frame5,5,32,00000000000000000000000000000000
frame6,6,32,00000000000000000000000000000000
frame7,7,32,00000000000000000000000000000000
frame8,8,32,00000000000000000000000000000000
frame9,9,32,00000000000000000000000000000000
frame10,10,32,00000000000000000000000000000000
frame11,11,32,00000000000000000000000000000000
frame12,12,32,00000000000000000000000000000000
frame13,13,32,00000000000000000000000000000000
frame14,14,32,00000000000000000000000000000000
frame15,15,32,00000000000000000000000000000000
frame16,16,32,00000000000000000000000000000000
frame17,17,32,00000000000000000000000000000000
frame18,18,32,00000000000000000000000000000000
frame19,19,32,00000000000000000000000000000000

X1Y3,LUT4AB,1,3
frame0,0,32,00000000000000000000000100000000
frame1,1,32,00000000000000000000000110100000
frame2,2,32,00000000000111110100000100100000
frame3,3,32,00000010000100000000100110000000
frame4,4,32,01000000000000000000001000001001
frame5,5,32,00000000000100001000000000000000
frame6,6,32,01000000000000000010001000000000
frame7,7,32,10000100000011000010000000000000
frame8,8,32,10010000000000111101001100000000
frame9,9,32,00000000000000001000000000001100
frame10,10,32,00000000000010100010000000000111
frame11,11,32,00000000000010001000000000010010
frame12,12,32,00000000000011110111110000000000
frame13,13,32,00000001000000111011000000000000
frame14,14,32,01100000000010000000110010001000
frame15,15,32,01000000111010101101001000110100
frame16,16,32,00100111000110111100001011001000
frame17,17,32,00100010111001010011100100000000
frame18,18,32,00001101001000010010000000000000
frame19,19,32,00000000000000100000000011001100

X2Y3,LUT4AB,2,3
frame0,0,32,00000001100000001110000000000000
frame1,1,32,00100000000000000000011000100100
frame2,2,32,00000000001101011011000100100000
frame3,3,32,00000010000010001000100001100010
frame4,4,32,00000100001000000000000000001000
frame5,5,32,00000010000000000011000000000000
frame6,6,32,00000000000000000000000100000000
frame7,7,32,10000100000100011000001010000000
frame8,8,32,11000100000000001110100000000000
frame9,9,32,11010000000010000000000000000000
frame10,10,32,00000000000000010001000000000000
frame11,11,32,00100001000000000011011000001011
frame12,12,32,00000000001010000100110100010100
frame13,13,32,00000001011000100111010100000010
frame14,14,32,01000001001000001000000010011000
frame15,15,32,00001000001000001101001000010101
frame16,16,32,00000110010110111100001011001000
frame17,17,32,00000010011001010011100101110000
frame18,18,32,00001101001000010010011001001000
frame19,19,32,00000000000000000000010000100100

X3Y3,LUT4AB,3,3
frame0,0,32,00000000000000000001000100000000
frame1,1,32,00000000101000000000000100100000
frame2,2,32,00000001010000011110000000010000
frame3,3,32,01000001000100010000000110010010
frame4,4,32,00000000000000000000000100110000
frame5,5,32,00000010000100000000000000000000
frame6,6,32,00010000000011101010000001000001
frame7,7,32,00000000000100000000000000001111
frame8,8,32,00001100000000011000100000000100
frame9,9,32,01000000000000000010000000111000
frame10,10,32,00010000000011110000001111000010
frame11,11,32,00100000000101010110000110001000
frame12,12,32,01010100110000011100010110000100
frame13,13,32,00000011000000101000000001000010
frame14,14,32,01000000000001100010000010100000
frame15,15,32,00001000000011111000000101000000
frame16,16,32,01000000001110010110000010000100
frame17,17,32,00000100011111000001001111111000
frame18,18,32,00011011100001100110110011100000
frame19,19,32,00000001100100100010010001000000

X4Y3,LUT4AB,4,3
frame0,0,32,00000000000000000001101000000000
frame1,1,32,00000000011010100001000000100000
frame2,2,32,00000001110010001100110000010000
frame3,3,32,00000001100000100000000000010010
frame4,4,32,00000000000110000100110000100100
frame5,5,32,10000000000001100000000001000100
frame6,6,32,00001000000000010101001100010101
frame7,7,32,00011100000000000100100010000011
frame8,8,32,00100000100000000000000000000000
frame9,9,32,01100000001000001011101011110000
frame10,10,32,10000000000100000000000000011110
frame11,11,32,00100000000010000110100000000101
frame12,12,32,00000000000000010100000101101100
frame13,13,32,00000101100010001101000110011000
frame14,14,32,00001011010011001000110010101000
frame15,15,32,01100001000000000011010001000011
frame16,16,32,00000000010000101000000000000100
frame17,17,32,00000101000010001110010000010000
frame18,18,32,00000110010000101000000000000000
frame19,19,32,00000000000000000110000100101100

X5Y3,LUT4AB,5,3
frame0,0,32,00000000000000000001001010001011
frame1,1,32,00000000100000000000011100000000
frame2,2,32,00000001111101000000010000100000
frame3,3,32,00000010000100010100000000000000
frame4,4,32,00000000010000000010100010000000
frame5,5,32,00010000000101100000000000000001
frame6,6,32,00010100000000010000100000000000
frame7,7,32,01100100000001001000000000000000
frame8,8,32,01010100101000010100000010000000
frame9,9,32,10010010000011000000000000001000
frame10,10,32,00000000000010100001001000000011
frame11,11,32,00000000000010001000000000010010
frame12,12,32,00000000000011110111110000000000
frame13,13,32,00000001000000111011000000000100
frame14,14,32,01000000000010001100000010001000
frame15,15,32,00001000111010101101001000010000
frame16,16,32,00100111000110111100001011001000
frame17,17,32,00100010111001010011100101110000
frame18,18,32,00001101001000010010011001001000
frame19,19,32,00000000000000101100001100010000

X6Y3,LUT4AB,6,3
frame0,0,32,00000000100000100001000110000000
frame1,1,32,01000000011100000000000010010000
frame2,2,32,00000000010111001111100001010000
frame3,3,32,00000010000100000010001000000000
frame4,4,32,10000000010000000011011000001000
frame5,5,32,01000000000100000001000000000000
frame6,6,32,10000000000000010101000100000000
frame7,7,32,10000101000001000010000010001001
frame8,8,32,10000100000000010110100010000010
frame9,9,32,00000000000000010010000000001000
frame10,10,32,00010000000010100001001000000010
frame11,11,32,00000000000010001110000101010010
frame12,12,32,00000010000011110111110010000000
frame13,13,32,00000000001000111011001001000000
frame14,14,32,00000000000010001110000011000000
frame15,15,32,01000000111010101101001000100100
frame16,16,32,00100111000110111100001011001000
frame17,17,32,00100010111001010011100101110000
frame18,18,32,00001101001000010010011001001000
frame19,19,32,00000000010010000110011001000000

X7Y3,LUT4AB,7,3
frame0,0,32,00000000100000011001110100010010
frame1,1,32,00000000000000001010011000000000
frame2,2,32,00000011101000101110011000110000
frame3,3,32,00000110010010000001000100010000
frame4,4,32,10000000011111100011000010000101
frame5,5,32,11000010010110011011000000100001
frame6,6,32,01101000000000110100111100000000
frame7,7,32,00000001100010000001101100100001
frame8,8,32,00001010100000001000110100000000
frame9,9,32,00001100000000100011110000000000
frame10,10,32,00010000000100010000100100110011
frame11,11,32,00000000000110010001010001011000
frame12,12,32,01010000110000000000001011111100
frame13,13,32,00010010100010001001100011010011
frame14,14,32,00011000010110111110000000001100
frame15,15,32,01000000000000011000010001011010
frame16,16,32,00011000000001100100000000010000
frame17,17,32,00100010000000011001010011101000
frame18,18,32,00000000101000101011101000000000
frame19,19,32,00000000000110000000110000000000

X8Y3,LUT4AB,8,3
frame0,0,32,00000000000000101001110010010001
frame1,1,32,00000010000000010000000100000000
frame2,2,32,00000001110000000010000100010000
frame3,3,32,00000001010001000100000000010000
frame4,4,32,00000000000100000000001000000000
frame5,5,32,00000000000100100000010000010000
frame6,6,32,00000000010000110000100101100000
frame7,7,32,00000100000000011100100010001000
frame8,8,32,00101000000100000000001000000000
frame9,9,32,01011000000011000000000000000000
frame10,10,32,10100011000011100000000000100100
frame11,11,32,00100000000001000100100010010000
frame12,12,32,00001100000000001100100011000001
frame13,13,32,00011001010000000100011010011010
frame14,14,32,00010010000011000000110001101000
frame15,15,32,00001001000011010000000001000100
frame16,16,32,01010000000000000010000010010000
frame17,17,32,00000011000100000010000001001000
frame18,18,32,00000000000000011001010010100000
frame19,19,32,00000000000000001100101100000100

X9Y3,LUT4AB,9,3
frame0,0,32,00000001100001111101111100011000
frame1,1,32,00100110011100101101101100000000
frame2,2,32,11000001101110101000001100000000
frame3,3,32,00000001000010000000100000000000
frame4,4,32,00000000010000000110000010000000
frame5,5,32,00000000000000101001000000000001
frame6,6,32,01000000010010101000000000000000
frame7,7,32,11100000000010000010000000011000
frame8,8,32,11111100000000001100000000000000
frame9,9,32,10000000000000000000000011001001
frame10,10,32,10000000000000010000001000000001
frame11,11,32,00000001000000000010000000111000
frame12,12,32,01010000000000000000100000000001
frame13,13,32,00000010000000000101000001011000
frame14,14,32,00000000000100000110000011100000
frame15,15,32,00100000000000000000100000100000
frame16,16,32,00000000000000000000000110100000
frame17,17,32,00000011000000000110000100000000
frame18,18,32,00000001101001011000000000000000
frame19,19,32,00000000010000001100010001001000

X10Y3,LUT4AB,10,3
frame0,0,32,00000001100000010000010100010000
frame1,1,32,00000100000000000100000000001000
frame2,2,32,01010001011101110100100000000000
frame3,3,32,00000011000110000001000000000000
frame4,4,32,11000000010001000000000001100000
frame5,5,32,10000000000000000000000001001000
frame6,6,32,10100000000001010101000000010001
frame7,7,32,00010001000110000010100101101000
frame8,8,32,01010000000000001100001000000010
frame9,9,32,10000100000000100000001111001000
frame10,10,32,00000000000001010101000000000011
frame11,11,32,11000010000000000001000010010000
frame12,12,32,00001100000010000000000100000010
frame13,13,32,00010011000010010100010110100011
frame14,14,32,00001000001111001000110011101010
frame15,15,32,00010101000011000010000010001000
frame16,16,32,00010100000000001001000000000000
frame17,17,32,00000001000111010011000000000010
frame18,18,32,00001010000000110101000001101000
frame19,19,32,00000000000000010011100000011000

X11Y3,AXI_M_IO_E_3,11,3
frame0,0,32,10000000001000001100000000100000
frame1,1,32,00000000000000000000000000000000
frame2,2,32,00000000000000000000000000000000
frame3,3,32,00000000000000000000000000000000
frame4,4,32,00000000100000000000000000000000
frame5,5,32,00000000000000000000000000000000
frame6,6,32,00000000001111000000000000001100
frame7,7,32,00001110010000000000000001000000
frame8,8,32,00000001010000000000000000000000
frame9,9,32,00000000000000000000000000000000
frame10,10,32,00000000000000000000000000000000
frame11,11,32,00000000000000000000000000000000
frame12,12,32,00000000000000000000000000000000
frame13,13,32,00000000000000000000000000000000
frame14,14,32,00000000000000000000000000000000
frame15,15,32,00000000000000000000000000000000
frame16,16,32,00000000000000000000000000000000
frame17,17,32,00000000000000000000000000000000
frame18,18,32,00000000000000000000000000000000
frame19,19,32,00000000000000000000000000000000

X0Y2,W_IO,0,2
frame0,0,32,11001101100001000000000000000001
frame1,1,32,01000000000000000000001100000010
frame2,2,32,00100000000000000100000000000010
frame3,3,32,10000000000000000000000000000000
frame4,4,32,00000000000000000000000000000000
frame5,5,32,00000000000000000000000000000000
frame6,6,32,00000000000000000000000000000000
frame7,7,32,00000000000000000000000000000000
frame8,8,32,00000000000000000000000000000000
frame9,9,32,00000000000000000000000000000000
frame10,10,32,00000000000000000000000000000000
frame11,11,32,00000000000000000000000000000000
frame12,12,32,00000000000000000000000000000000
frame13,13,32,00000000000000000000000000000000
frame14,14,32,00000000000000000000000000000000
frame15,15,32,00000000000000000000000000000000
frame16,16,32,00000000000000000000000000000000
frame17,17,32,00000000000000000000000000000000
frame18,18,32,00000000000000000000000000000000
frame19,19,32,00000000000000000000000000000000

X1Y2,LUT4AB,1,2
frame0,0,32,00000000011000000110100100000001
frame1,1,32,10101100101001011010000000000000
frame2,2,32,01000000101001111000000000000000
frame3,3,32,00000001000100111100000000000010
frame4,4,32,00000000010000000010010000000001
frame5,5,32,10000000000000100000000001010001
frame6,6,32,01000000000001000000000010000001
frame7,7,32,11111101000101001000001000000001
frame8,8,32,11111100100000000100110000000010
frame9,9,32,10010000000110100000000011000100
frame10,10,32,10000000000000000001010011100000
frame11,11,32,00000100100010110100000000000100
frame12,12,32,01011000000010000000100010000110
frame13,13,32,00010000001010100001000010101101
frame14,14,32,00100000000001001010010110111010
frame15,15,32,00001001100000000011001000101000
frame16,16,32,00001100000000001010001011001000
frame17,17,32,00010000001000000000100101110000
frame18,18,32,00000000000001011001011001001000
frame19,19,32,00000010000101111111011000000000

X2Y2,LUT4AB,2,2
frame0,0,32,00000000000000010000000100001000
frame1,1,32,00000000100000001110000100100000
frame2,2,32,00000000010110000100001100110000
frame3,3,32,01000001100000000000100000010000
frame4,4,32,10000000000000000101010000001000
frame5,5,32,00000001100000000001100000000000
frame6,6,32,01000000000000001000000010000000
frame7,7,32,01000100000010011000001000000000
frame8,8,32,00010100000000000010000000000000
frame9,9,32,00000000000010000000010010010001
frame10,10,32,00110000000000000100100111101011
frame11,11,32,00000000100000010110001001011101
frame12,12,32,11010000000010000001000000010010
frame13,13,32,10000001000100000001101000110010
frame14,14,32,00101000000010000010100000011100
frame15,15,32,00000001000000010110100000101100
frame16,16,32,00100100001110000000000000000000
frame17,17,32,00000000011110000001000011000000
frame18,18,32,00110111000000000001000000000000
frame19,19,32,00000000000000000000010000000100

X3Y2,LUT4AB,3,2
frame0,0,32,00000001100000001100000111010000
frame1,1,32,00000010000000000100001100100000
frame2,2,32,00010000011000011000010000100000
frame3,3,32,00000011001001000010010011000010
frame4,4,32,00000000011000000100010010101100
frame5,5,32,00000010000110100000000000010000
frame6,6,32,01011000000011100100001000000001
frame7,7,32,01111100000001000000100100000011
frame8,8,32,01010100000000001011000000000010
frame9,9,32,10100000000100001000001000100101
frame10,10,32,00000000100111110110000111111000
frame11,11,32,00000000100011000000110010100100
frame12,12,32,00000101000010011100101000110000
frame13,13,32,00000000001010001000100001000001
frame14,14,32,01111011001010110010000010000000
frame15,15,32,01001000000011001101110000000001
frame16,16,32,00010000000001111110011110100100
frame17,17,32,00000000000001010110110011111000
frame18,18,32,00000001100000100000000000000000
frame19,19,32,00000000000000001010000000101000

X4Y2,LUT4AB,4,2
frame0,0,32,00000000000000000000000010000001
frame1,1,32,00000010000001000010011000000100
frame2,2,32,00000000001001011001110010000000
frame3,3,32,00000000100100000001010001100000
frame4,4,32,01000100000000011000000010110000
frame5,5,32,00000010000100001101000000000000
frame6,6,32,00001000000000011000000100000000
frame7,7,32,00100001010000100100000010000000
frame8,8,32,01000100000000000010000000000100
frame9,9,32,11001000000101001000001101010000
frame10,10,32,00100000010100100101001101111110
frame11,11,32,00100001000000010000000000001110
frame12,12,32,01001000000000100001100100001011
frame13,13,32,00010000001000001000000101000110
frame14,14,32,01010000010011100000000101100000
frame15,15,32,00000001000000000100000001000001
frame16,16,32,00000000010000010010000101100000
frame17,17,32,00000000000100010110000000100000
frame18,18,32,00010110000000000000001010000000
frame19,19,32,00000000000000000000011100001000

X5Y2,LUT4AB,5,2
frame0,0,32,00000001100000010001001000000000
frame1,1,32,00000011000001010010001000100000
frame2,2,32,00000000111101101000000010110000
frame3,3,32,00000010000110011111010000000010
frame4,4,32,00000000011001100000010000000000
frame5,5,32,01000000000100110000000000000000
frame6,6,32,00010000000000001010000010000001
frame7,7,32,10101100000000000111010000000000
frame8,8,32,10000100001000010000000000000000
frame9,9,32,01100000000100000000000000000000
frame10,10,32,00000000000100001001100000110101
frame11,11,32,00000000100000110011000100001010
frame12,12,32,00000000000000010001110010011001
frame13,13,32,00000000001000000011000001000010
frame14,14,32,00100001000010001010110010000000
frame15,15,32,00000000111010101101001000100100
frame16,16,32,00100111000110111100001011001000
frame17,17,32,00100010111001010011100101110000
frame18,18,32,00001101001000010010011001001000
frame19,19,32,00000000000000000110001000000000

X6Y2,LUT4AB,6,2
frame0,0,32,00000000000000100000111100011000
frame1,1,32,00000000001000100000110100101000
frame2,2,32,00000010100101100000010000000000
frame3,3,32,00000100100001000010101000000010
frame4,4,32,00000000010011000000101010000100
frame5,5,32,00000000000001001001000000000100
frame6,6,32,01000000000010000001101110000001
frame7,7,32,00000101000001111110001110010010
frame8,8,32,00100000100000000010001010000000
frame9,9,32,10010100001010011000000000101100
frame10,10,32,10100011000101010101000000110001
frame11,11,32,00000001000010001101010010011001
frame12,12,32,10001010000000000000000100000001
frame13,13,32,10011000001000000000000100001001
frame14,14,32,00000000000110001000000101110010
frame15,15,32,00000000000000001000000000101000
frame16,16,32,00010000010001000000010110001000
frame17,17,32,00100001000100010000100001110000
frame18,18,32,00000110010000000000011001001000
frame19,19,32,00000000000000000000001011001000

X7Y2,LUT4AB,7,2
frame0,0,32,00000000001000010000010100010000
frame1,1,32,00000000000110000110001010000000
frame2,2,32,00000001011001101100001100000000
frame3,3,32,01000000000111111000100010000000
frame4,4,32,10000000010010010000000010000101
frame5,5,32,10000000000000100100000000000001
frame6,6,32,10110000000000110000100010000001
frame7,7,32,00010000000000000100100110001001
frame8,8,32,01001000000000001011111010000100
frame9,9,32,10001000000001100000000000010001
frame10,10,32,00000000100101010111000000110010
frame11,11,32,00000001000010000111001001111000
frame12,12,32,11011011000000000100110001000000
frame13,13,32,10010011000010010101000010110110
frame14,14,32,01011000010101000000000101111000
frame15,15,32,01111000000000110101010000011010
frame16,16,32,00000001101000000111011001100000
frame17,17,32,00000110101110000010101100000010
frame18,18,32,00101011111000000010000001000000
frame19,19,32,00000010000000101011000011000000

X8Y2,LUT4AB,8,2
frame0,0,32,00000000100000010000010101000000
frame1,1,32,11000000010000010101100010000000
frame2,2,32,00000000110010110110001000010000
frame3,3,32,00000001000111100110001000010010
frame4,4,32,10000000000010000000000000000001
frame5,5,32,10000000000001101000000000000001
frame6,6,32,10000000100011011010000000001000
frame7,7,32,00010100000110000010101111000000
frame8,8,32,00100000100100001010001000001000
frame9,9,32,00001000000000100001100011000000
frame10,10,32,10000000000011010101100000011110
frame11,11,32,11000000000000000001000001010101
frame12,12,32,01010010000000000100000000110010
frame13,13,32,00000001100010110101000000000010
frame14,14,32,00001000000000001000110000001110
frame15,15,32,00111101100000100100000010011011
frame16,16,32,01101100000000000000000000110100
frame17,17,32,00000000000001000000010100000000
frame18,18,32,00000000000001011001000010001000
frame19,19,32,00000000010000010010101111000000

X9Y2,LUT4AB,9,2
frame0,0,32,00000001100000001111000101010001
frame1,1,32,00110011100000000010010000000000
frame2,2,32,00000001000000101001001000100000
frame3,3,32,01001010000110000000000000010010
frame4,4,32,10000000100010000000000100111001
frame5,5,32,10000010000000100001000000100001
frame6,6,32,10000100000000110100000010000000
frame7,7,32,00010000000100101101000110000001
frame8,8,32,10000000100000001100000000000100
frame9,9,32,00000100000010011010011010000000
frame10,10,32,00110000000000010000100101110010
frame11,11,32,00000001000000010111000001001111
frame12,12,32,01010100000010100100010010010010
frame13,13,32,00001111000010000001110000010000
frame14,14,32,01001000001100010000110000001000
frame15,15,32,00010001100000010000010010000100
frame16,16,32,00001000000001100111000000010000
frame17,17,32,00110010010110011011000100001000
frame18,18,32,00000001111000110001000010101000
frame19,19,32,00000000000001000001000101000000

X10Y2,LUT4AB,10,2
frame0,0,32,00000000000000001000010000000000
frame1,1,32,00000011000011010110010000000000
frame2,2,32,00000000101000000110001000110000
frame3,3,32,00000010000000010100000000010000
frame4,4,32,00000000000010000111010000001000
frame5,5,32,00000000000000000000000000010000
frame6,6,32,00001001000000000000000110000000
frame7,7,32,10100100000010001100000011110011
frame8,8,32,10111000000000010101100010000110
frame9,9,32,01010000000110000000000000011100
frame10,10,32,10100000000100000110010000001001
frame11,11,32,00100000000110010100100100001101
frame12,12,32,01010010000000000100001001001101
frame13,13,32,00001110000100010101100111000011
frame14,14,32,00001000010100001000000111100100
frame15,15,32,00101000000000000100100000101000
frame16,16,32,00101000100000000001001001100100
frame17,17,32,00010001000101011100011100011000
frame18,18,32,00000010101000101000001010011000
frame19,19,32,00000000000000000001000000000000

X11Y2,AXI_M_IO_E_4,11,2
frame0,0,32,00000000000000000000000000000000
frame1,1,32,00000000000000000010000000000000
frame2,2,32,00000000000000000000000000000000
frame3,3,32,00110000000000000000000000000000
frame4,4,32,00000000000000000000000000000000
frame5,5,32,10000000000000101100000000000011
frame6,6,32,00000000000000000000000000000000
frame7,7,32,00001101000000000000000000000000
frame8,8,32,00000000010000000000000000000000
frame9,9,32,00000000000000000000000000000000
frame10,10,32,00000000000000000000000000000000
frame11,11,32,00000000000000000000000000000000
frame12,12,32,00000000000000000000000000000000
frame13,13,32,00000000000000000000000000000000
frame14,14,32,00000000000000000000000000000000
frame15,15,32,00000000000000000000000000000000
frame16,16,32,00000000000000000000000000000000
frame17,17,32,00000000000000000000000000000000
frame18,18,32,00000000000000000000000000000000
frame19,19,32,00000000000000000000000000000000

X0Y1,W_IO,0,1
frame0,0,32,11001001100100000000000000000000
frame1,1,32,00100000000000000000000000000000
frame2,2,32,00000000110000000000100011000010
frame3,3,32,00100000000000000000000000000000
frame4,4,32,00000000000000000000000000000000
frame5,5,32,00000000000000000000000000000000
frame6,6,32,00000000000000000000000000000000
frame7,7,32,00000000000000000000000000000000
frame8,8,32,00000000000000000000000000000000
frame9,9,32,00000000000000000000000000000000
frame10,10,32,00000000000000000000000000000000
frame11,11,32,00000000000000000000000000000000
frame12,12,32,00000000000000000000000000000000
frame13,13,32,00000000000000000000000000000000
frame14,14,32,00000000000000000000000000000000
frame15,15,32,00000000000000000000000000000000
frame16,16,32,00000000000000000000000000000000
frame17,17,32,00000000000000000000000000000000
frame18,18,32,00000000000000000000000000000000
frame19,19,32,00000000000000000000000000000000

X1Y1,LUT4AB,1,1
frame0,0,32,00000000101100000000000100010001
frame1,1,32,00000010000000001110011000000100
frame2,2,32,00000000010000000101010000010000
frame3,3,32,01000001000010010001000100010000
frame4,4,32,01000000000100000011000100000000
frame5,5,32,00000010000000000000000000100000
frame6,6,32,00001100010000110000001001000000
frame7,7,32,00000101000000001000000000000000
frame8,8,32,00001100100110000101000000000000
frame9,9,32,01010000001000000000001110101000
frame10,10,32,00100011000000010010000001000000
frame11,11,32,11100001100110001000000100000000
frame12,12,32,01010000000000000000000000010011
frame13,13,32,00001110001000001100000011000011
frame14,14,32,01000000000110001010000000101000
frame15,15,32,01101100000000000010010000000000
frame16,16,32,01010100000000000111000000010100
frame17,17,32,00000110001100000010001100000000
frame18,18,32,00100000000001010000000000000000
frame19,19,32,00000000001000000110000000001000

X2Y1,LUT4AB,2,1
frame0,0,32,00000000000000000000000100000000
frame1,1,32,00000011000000010100110000100000
frame2,2,32,00000001111100101100001000000000
frame3,3,32,00000010001010000000000010000000
frame4,4,32,10000010011000100111010000000000
frame5,5,32,00000010000000000001000000000001
frame6,6,32,10000000000010001000000010000000
frame7,7,32,01111000000000000111000010000011
frame8,8,32,01000100000000000101100010000000
frame9,9,32,01100000000000100000000000101000
frame10,10,32,00100000000000010010000000001010
frame11,11,32,00100000000000010100000001011000
frame12,12,32,00000000000000100000110001001001
frame13,13,32,00000001000000000011000010000110
frame14,14,32,01000001001110000100100000001000
frame15,15,32,01010000111010101101001000010011
frame16,16,32,00100111000110111100001011001000
frame17,17,32,00100010111001010011100100000010
frame18,18,32,00001101001000010010000000000000
frame19,19,32,00000000000000000000001100001000

X3Y1,LUT4AB,3,1
frame0,0,32,00000000000000000001000000010000
frame1,1,32,00000001100000000000100000000000
frame2,2,32,00000001001101101000000000110000
frame3,3,32,00000001000011010100100000010010
frame4,4,32,01000000000010000011000000001000
frame5,5,32,00000000000000000000000001000001
frame6,6,32,10000000000000000000000000011000
frame7,7,32,11101001100001001100000000000000
frame8,8,32,11001100000000010101011010001010
frame9,9,32,11100000000010100100001011000001
frame10,10,32,00110000000000000010000011000011
frame11,11,32,00100000100000010100000001101010
frame12,12,32,01000010000010000000000000001100
frame13,13,32,00000010001000001000000001100100
frame14,14,32,00101010000101000000000000001010
frame15,15,32,00001001100000000000000010000100
frame16,16,32,00001000000001110010000001100000
frame17,17,32,00010110000000000110001100000000
frame18,18,32,00000000011001010000001010101000
frame19,19,32,00000000000000001000000000000000

X4Y1,LUT4AB,4,1
frame0,0,32,00000000000000010000000100010000
frame1,1,32,00000011000001110000010000010000
frame2,2,32,00000000011001110000000001110000
frame3,3,32,00000010000100011000100010010000
frame4,4,32,00000000010000100111000010001000
frame5,5,32,00000010000000001000000000100101
frame6,6,32,00000000001000000000000000000101
frame7,7,32,10000000000000000010000000000000
frame8,8,32,11000100000000000110001000000000
frame9,9,32,11000000001101100100001011001000
frame10,10,32,00010000010000010001001000000000
frame11,11,32,00100000100010010000000001001010
frame12,12,32,00000000000010000100110000000001
frame13,13,32,00000000001000000011000001000010
frame14,14,32,00000001001110000010110011000000
frame15,15,32,01000000111010101101001000100100
frame16,16,32,00100111000110111100001011001000
frame17,17,32,00100010111001010011100100000000
frame18,18,32,00001101001000010010000000000000
frame19,19,32,00000000000000100000000000001000

X5Y1,LUT4AB,5,1
frame0,0,32,00000000000000010001001100010001
frame1,1,32,00000011110010110100101000100100
frame2,2,32,00000010011110101010000000000000
frame3,3,32,01000110011000001000000011000000
frame4,4,32,00000000011000111001010000000100
frame5,5,32,00000010000001100001000010000000
frame6,6,32,01000000000010010000000110000001
frame7,7,32,00000100000000001000100010001011
frame8,8,32,01000000000000010110000010000110
frame9,9,32,10001000000011000111000000110000
frame10,10,32,00110000000100010001000011001101
frame11,11,32,00000001000110000011000000010000
frame12,12,32,10000000000000000000000000101000
frame13,13,32,10000000101000000101000001010010
frame14,14,32,01000000000100001010000111011000
frame15,15,32,00100000000000000110010000010001
frame16,16,32,00100101100000000000001000000000
frame17,17,32,00010011000000000001010000001000
frame18,18,32,00100100011000110001000000101000
frame19,19,32,00000000000000101000000000000000

X6Y1,LUT4AB,6,1
frame0,0,32,00000000100001010000101001100000
frame1,1,32,00000001011000000010000000000000
frame2,2,32,00001000010000111100100000000000
frame3,3,32,00000011000010000001000000000000
frame4,4,32,11001000000000100011100000100000
frame5,5,32,10000000010000101000000000000000
frame6,6,32,00001000000011001010001010010000
frame7,7,32,00001000000100010101001000000011
frame8,8,32,00001100100000000010101000000000
frame9,9,32,01101000000000011010000000100000
frame10,10,32,00000000000010100001011010000010
frame11,11,32,00100000000001110000100001000000
frame12,12,32,00000000000010110000101010001001
frame13,13,32,00010001000010001000000001000011
frame14,14,32,00100000001010000010010000000010
frame15,15,32,00100000000111110010000000000010
frame16,16,32,00000100111100000000000101100000
frame17,17,32,00000110111110000001000000000000
frame18,18,32,00111111111000101001000000000000
frame19,19,32,00000000000110000100110011000100

X7Y1,LUT4AB,7,1
frame0,0,32,00000000000000000000001100000000
frame1,1,32,00000000000000010001000100100000
frame2,2,32,00000000011010000110000000010000
frame3,3,32,10000001100010100100101000010010
frame4,4,32,11000100000100000011001000000100
frame5,5,32,10000000000000010000010010000000
frame6,6,32,10000010000000010001000000000000
frame7,7,32,01100101010100110000010100000001
frame8,8,32,00000000000000000010100010000110
frame9,9,32,01000000000000000100100000010001
frame10,10,32,00000011000001000010000000001010
frame11,11,32,11100000000000110001000001110001
frame12,12,32,00000010000000010000000000010100
frame13,13,32,00000101000010111101010000100010
frame14,14,32,00000000001011000000110000001000
frame15,15,32,00111001000011100000100000000100
frame16,16,32,01000000000000000000000000010000
frame17,17,32,00000000000001000000010011011000
frame18,18,32,00000000000000111001101001010000
frame19,19,32,00000000000000011000010000000000

X8Y1,LUT4AB,8,1
frame0,0,32,00000000100000000000010111100000
frame1,1,32,00000000110000001110000000001000
frame2,2,32,00000000001000110000000000000000
frame3,3,32,00001000000010100011000000100000
frame4,4,32,01000000100010000000010000000000
frame5,5,32,10000000000100000000000100000000
frame6,6,32,10000000000001110000000100010000
frame7,7,32,00010101000001000111001100000000
frame8,8,32,10001100000000000101011000100110
frame9,9,32,00000000000000000000011100011000
frame10,10,32,00100000000001010011001011000000
frame11,11,32,11000000000000000000000000000010
frame12,12,32,00000100001000001100110000001010
frame13,13,32,00001000011000000101010010001000
frame14,14,32,01001000000001001110010101011000
frame15,15,32,01000100000001100100000010010101
frame16,16,32,00001100000000000010000000010000
frame17,17,32,00000101000010001000000100000010
frame18,18,32,00100000111001000011010010001000
frame19,19,32,00000000000000000011000010000000

X9Y1,LUT4AB,9,1
frame0,0,32,00000000000000000110100001100001
frame1,1,32,11000000001001000000010010000100
frame2,2,32,00000000000001011000100000010000
frame3,3,32,00000000000000001111011100100000
frame4,4,32,00000000010000000011000101110100
frame5,5,32,00000000100000000010000000111000
frame6,6,32,00000000000001010000000000000000
frame7,7,32,10000000000000010000000100000010
frame8,8,32,10100010000000000110000000000100
frame9,9,32,00000100000100000100000001111100
frame10,10,32,10100000000000000001100010001000
frame11,11,32,11000000000010010000001001000111
frame12,12,32,11000100000010000100000000110010
frame13,13,32,10000000000010010100000001010110
frame14,14,32,00001000010110101000000110000100
frame15,15,32,00001100000001000010000010000100
frame16,16,32,00011000000000101000000000000000
frame17,17,32,00000100001011001010000000000010
frame18,18,32,00001110111001010111000001011000
frame19,19,32,00000001110000000101111101000000

X10Y1,LUT4AB,10,1
frame0,0,32,00000000000000000000001100000000
frame1,1,32,00000000000010100000000100000000
frame2,2,32,00000000100000001000100000000000
frame3,3,32,00000000000011000011000000000000
frame4,4,32,00000000000000000000000000000000
frame5,5,32,10101000000000111000000010000000
frame6,6,32,00000000000001000110000100000000
frame7,7,32,01110000000001000000000010000011
frame8,8,32,00000100000000000100100010000100
frame9,9,32,00001100001000000110001100100000
frame10,10,32,00100000000100010000001100011000
frame11,11,32,00000000000010100000000001001100
frame12,12,32,01011000110000000000000101001011
frame13,13,32,00000000000010000000000111000000
frame14,14,32,00010000000100101010000000100000
frame15,15,32,00000000000000000000000000000010
frame16,16,32,00000000000000011010000000000100
frame17,17,32,00000010000101000110000000011000
frame18,18,32,00110111011000100000000001100000
frame19,19,32,00000000000110001000000000000000

X11Y1,AXI_M_IO_E_5,11,1
frame0,0,32,00000000000000000000000000000000
frame1,1,32,00000000000000000000000000000000
frame2,2,32,00000000000000000000000000000000
frame3,3,32,00000000000000000000000000000011
frame4,4,32,00000000000000000000000000000000
frame5,5,32,00000000000000000000000000000000
frame6,6,32,00000000000000000000000000001000
frame7,7,32,00000001000000000000000000000000
frame8,8,32,00000000000000000000000000000000
frame9,9,32,00000000000000000000000000000000
frame10,10,32,00000000000000000000000000000000
frame11,11,32,00000000000000000000000000000000
frame12,12,32,00000000000000000000000000000000
frame13,13,32,00000000000000000000000000000000
frame14,14,32,00000000000000000000000000000000
frame15,15,32,00000000000000000000000000000000
frame16,16,32,00000000000000000000000000000000
frame17,17,32,00000000000000000000000000000000
frame18,18,32,00000000000000000000000000000000
frame19,19,32,00000000000000000000000000000000

